"GeneSymbol","logFC_GSE","logFC_TCGA","Direction_GSE","Direction_TCGA","Concordant"
"AADAC",-1.00038633333333,-1.3610337907495,"Down","Down",TRUE
"ABCA12",1.00777166666667,5.39843900028419,"Up","Up",TRUE
"ABCA3",-1.2867465,-2.12029597411854,"Down","Down",TRUE
"ABCA4",1.1789,3.67805520399288,"Up","Up",TRUE
"ABCA6",-1.54410766666667,-1.1495029219954,"Down","Down",TRUE
"ABCA8",-2.81134883333333,-2.83609524502989,"Down","Down",TRUE
"ABCA9",-1.11590516666667,-1.65782289235497,"Down","Down",TRUE
"ABCB1",-1.2642985,-1.61249774946639,"Down","Down",TRUE
"ABCC3",2.13360933333333,2.52321211110627,"Up","Up",TRUE
"ABCG2",-1.08206766666667,-2.04366615887695,"Down","Down",TRUE
"ABHD6",-1.00071066666667,-1.27388192256259,"Down","Down",TRUE
"ABI3BP",-2.08896516666667,-2.49927437592497,"Down","Down",TRUE
"ABLIM3",-1.1178885,-1.42412204475141,"Down","Down",TRUE
"ACACB",-1.058162,-1.33325120445594,"Down","Down",TRUE
"ACAD8",1.06345116666667,1.28559279313863,"Up","Up",TRUE
"ACADL",-2.05005733333333,-3.12478537110247,"Down","Down",TRUE
"ACE",-1.3293345,-1.74113177983473,"Down","Down",TRUE
"ACKR1",-2.180656,-2.39392780591473,"Down","Down",TRUE
"ACKR4",-1.77455216666667,-2.378796432077,"Down","Down",TRUE
"ACSS3",-1.14627016666667,-1.61694408547755,"Down","Down",TRUE
"ACVRL1",-1.99019166666667,-2.57070161819928,"Down","Down",TRUE
"ADAM12",1.98297483333333,3.10016956533499,"Up","Up",TRUE
"ADAM28",1.34828633333333,2.29599867382287,"Up","Up",TRUE
"ADAMDEC1",1.69546183333333,2.25935861924544,"Up","Up",TRUE
"ADAMTS1",-2.04391566666667,-2.35084910002191,"Down","Down",TRUE
"ADAMTS12",1.090881,1.85287483797986,"Up","Up",TRUE
"ADAMTS15",-1.16948516666667,-1.52504258193806,"Down","Down",TRUE
"ADAMTS8",-1.72410266666667,-3.53145510042201,"Down","Down",TRUE
"ADAMTSL3",-2.1479345,-2.30884982589279,"Down","Down",TRUE
"ADAMTSL4",-1.27274533333333,-1.81495414419163,"Down","Down",TRUE
"ADARB1",-1.73204616666667,-1.76243048722562,"Down","Down",TRUE
"ADGRB3",-1.166352,-1.53987715503576,"Down","Down",TRUE
"ADGRD1",-1.54897466666667,-1.29419427254815,"Down","Down",TRUE
"ADGRE1",-1.205234,-2.67617103740646,"Down","Down",TRUE
"ADGRE5",-1.051005,-1.29847049630265,"Down","Down",TRUE
"ADGRF1",1.6284905,2.42044592202829,"Up","Up",TRUE
"ADGRL2",-2.07857316666667,-1.88511260739821,"Down","Down",TRUE
"ADGRL3",-1.333084,-1.17499572344819,"Down","Down",TRUE
"ADGRL4",-1.30460233333333,-1.28698958045028,"Down","Down",TRUE
"ADH1B",-2.23169383333333,-3.27763221089019,"Down","Down",TRUE
"ADRA1A",-1.89206833333333,-3.4322173742792,"Down","Down",TRUE
"ADRB1",-1.22878466666667,-3.16254335515216,"Down","Down",TRUE
"ADRB2",-1.95728383333333,-3.08997836346638,"Down","Down",TRUE
"ADTRP",-1.23761216666667,-2.10679901593997,"Down","Down",TRUE
"AFAP1-AS1",2.50073533333333,6.30354281593101,"Up","Up",TRUE
"AFAP1L1",-1.59026166666667,-1.68934421808999,"Down","Down",TRUE
"AFF3",-2.27478283333333,-2.36695844148322,"Down","Down",TRUE
"AGER",-3.46291866666667,-5.04108701269838,"Down","Down",TRUE
"AGR2",1.64061766666667,2.48849788868228,"Up","Up",TRUE
"AGTPBP1",-1.0663335,-1.20719905744475,"Down","Down",TRUE
"AGTR1",-2.09755,-1.81791343477069,"Down","Down",TRUE
"AGTR2",-1.243883,-3.01305642391746,"Down","Down",TRUE
"AHNAK",-1.2256705,-1.91178909657804,"Down","Down",TRUE
"AK4",1.3262795,2.5926699805119,"Up","Up",TRUE
"AKAP12",-2.04265383333333,-1.05443483999887,"Down","Down",TRUE
"AKAP14",-1.18474783333333,-2.06448127773046,"Down","Down",TRUE
"AKR1B10",1.46224866666667,7.35290947041092,"Up","Up",TRUE
"ALDH18A1",1.08628883333333,1.61384528653948,"Up","Up",TRUE
"ALDH1A1",-1.0818345,-1.09869193730853,"Down","Down",TRUE
"ALKAL2",-2.615627,-3.00792012118157,"Down","Down",TRUE
"ALOX5",-1.085232,-1.83836442891272,"Down","Down",TRUE
"ALOX5AP",-1.1094435,-1.95267297697239,"Down","Down",TRUE
"AMOTL1",-1.246575,-1.74994487876555,"Down","Down",TRUE
"ANGPT1",-1.62742833333333,-2.27180413342251,"Down","Down",TRUE
"ANGPTL1",-1.8737635,-2.27765612927498,"Down","Down",TRUE
"ANKRD22",1.99603633333333,2.78406560992904,"Up","Up",TRUE
"ANKRD29",-2.31070633333333,-2.17595106196944,"Down","Down",TRUE
"ANLN",2.49188516666667,3.77681624277029,"Up","Up",TRUE
"ANOS1",-2.4164215,-2.79659082357146,"Down","Down",TRUE
"ANP32E",1.20370983333333,1.12269626130526,"Up","Up",TRUE
"ANXA3",-1.77647783333333,-1.88878528484633,"Down","Down",TRUE
"ANXA8",-1.59601966666667,-2.55330317965178,"Down","Down",TRUE
"ANXA8L1",-1.85149683333333,-2.45097972245025,"Down","Down",TRUE
"AOC1",1.37981266666667,4.9655285051743,"Up","Up",TRUE
"AOC3",-1.95957533333333,-2.66163861000212,"Down","Down",TRUE
"AOX1",-1.75999216666667,-1.21452935011619,"Down","Down",TRUE
"APOBEC3A",-1.46886516666667,-1.30351304890018,"Down","Down",TRUE
"APOL3",-1.05550666666667,-1.32617443610476,"Down","Down",TRUE
"APOLD1",-1.76048333333333,-2.01337643849674,"Down","Down",TRUE
"AQP1",-1.78952866666667,-1.52754968347341,"Down","Down",TRUE
"AQP4",-2.3746905,-2.98241989817325,"Down","Down",TRUE
"AQP9",-1.364856,-1.56918223033673,"Down","Down",TRUE
"ARAP2",-1.1393685,-1.15920067529215,"Down","Down",TRUE
"ARAP3",-1.11049883333333,-1.3583313200358,"Down","Down",TRUE
"ARC",-1.3431195,-3.44899963455424,"Down","Down",TRUE
"ARGLU1-DT",-1.115351,-2.65611769785102,"Down","Down",TRUE
"ARHGAP29",-1.31447416666667,-1.19063464037621,"Down","Down",TRUE
"ARHGAP31",-1.11744616666667,-2.13456387646067,"Down","Down",TRUE
"ARHGAP6",-2.10154266666667,-2.35214433834134,"Down","Down",TRUE
"ARHGEF15",-1.18922533333333,-2.46389751080378,"Down","Down",TRUE
"ARHGEF19",1.1194455,1.52260777913662,"Up","Up",TRUE
"ARHGEF26",-2.22339716666667,-2.67695734671536,"Down","Down",TRUE
"ARL13B",-1.0367775,-1.0731640663057,"Down","Down",TRUE
"ARRB1",-1.21062633333333,-1.36259243806786,"Down","Down",TRUE
"ARSL",1.64067,2.0026522893823,"Up","Up",TRUE
"ART4",-1.22064233333333,-2.22578425336486,"Down","Down",TRUE
"ASPA",-1.6501755,-2.62319741560146,"Down","Down",TRUE
"ASPM",1.71439883333333,3.74357368428467,"Up","Up",TRUE
"ATF3",-1.99735983333333,-1.77777553471876,"Down","Down",TRUE
"ATOH8",-1.543984,-1.64108237441868,"Down","Down",TRUE
"ATP10B",1.49628383333333,5.50464591088515,"Up","Up",TRUE
"ATP1A2",-1.22457433333333,-2.29278903852809,"Down","Down",TRUE
"AURKA",1.20953283333333,2.63109953332261,"Up","Up",TRUE
"AZGP1",1.30176083333333,1.42984047526755,"Up","Up",TRUE
"B3GALNT1",-1.524741,-1.26991357814254,"Down","Down",TRUE
"BACE2",1.184351,1.47223020445852,"Up","Up",TRUE
"BAIAP2L1",1.20656866666667,1.22634015188063,"Up","Up",TRUE
"BCHE",-2.45927433333333,-2.45151047775624,"Down","Down",TRUE
"BCL2A1",-1.2643875,-1.23224358431357,"Down","Down",TRUE
"BCL2L15",1.33478683333333,3.45748914348344,"Up","Up",TRUE
"BCL6B",-1.01432733333333,-1.77477006067456,"Down","Down",TRUE
"BDNF",-1.638902,-2.35284959943535,"Down","Down",TRUE
"BIK",1.0255785,1.99910982236653,"Up","Up",TRUE
"BIRC5",1.65771933333333,3.67153171675667,"Up","Up",TRUE
"BLACAT1",1.27669133333333,2.84879449460736,"Up","Up",TRUE
"BMP2",-1.70054283333333,-1.76534603198951,"Down","Down",TRUE
"BMPER",-1.331984,-2.19362144412378,"Down","Down",TRUE
"BMPR2",-1.10009683333333,-1.33020575811868,"Down","Down",TRUE
"BRIP1",1.07146133333333,2.70345651929536,"Up","Up",TRUE
"BTG2",-1.0087345,-1.31532203079236,"Down","Down",TRUE
"BTNL9",-2.91837833333333,-3.43031222551003,"Down","Down",TRUE
"BUB1",1.43731216666667,2.63771052561853,"Up","Up",TRUE
"BUB1B",1.7690195,3.42429755702338,"Up","Up",TRUE
"BZW2",1.03983983333333,1.30365626803964,"Up","Up",TRUE
"C11orf96",-1.3500525,-1.85186206952932,"Down","Down",TRUE
"C14orf132",-1.60937283333333,-2.63694218415352,"Down","Down",TRUE
"C15orf48",1.26815183333333,3.01959634034785,"Up","Up",TRUE
"C1orf115",-1.24699683333333,-1.61014883561171,"Down","Down",TRUE
"C1orf162",-1.08516216666667,-1.82470180104625,"Down","Down",TRUE
"C1orf21",-1.02226966666667,-1.08888701867254,"Down","Down",TRUE
"C1orf53",1.86238383333333,1.07348299302903,"Up","Up",TRUE
"C1QTNF7",-1.66490633333333,-2.41146353680571,"Down","Down",TRUE
"C2CD4A",1.25920633333333,4.09434285775803,"Up","Up",TRUE
"C5AR1",-1.517312,-1.9739329623288,"Down","Down",TRUE
"C7",-1.93706916666667,-1.80189166640201,"Down","Down",TRUE
"CA2",-1.102993,-1.48499759096443,"Down","Down",TRUE
"CA3",-1.54637733333333,-2.11166249878458,"Down","Down",TRUE
"CA4",-2.5027335,-4.36507884334614,"Down","Down",TRUE
"CAB39L",-1.00141116666667,-1.40189823338663,"Down","Down",TRUE
"CACNA2D2",-1.39261183333333,-2.39039988958911,"Down","Down",TRUE
"CADM1",-1.031453,-1.3835841532134,"Down","Down",TRUE
"CALCRL",-2.15970366666667,-2.73835058901811,"Down","Down",TRUE
"CAMK2N1",-1.43412983333333,-1.03761016679393,"Down","Down",TRUE
"CAPN8",1.2373325,1.38420757228662,"Up","Up",TRUE
"CAPSL",-1.2460245,-2.07314149973198,"Down","Down",TRUE
"CARD16",-1.0112865,-1.31757844641074,"Down","Down",TRUE
"CASKIN2",-1.29226883333333,-1.7291182958265,"Down","Down",TRUE
"CAT",-1.06038383333333,-1.91296919355497,"Down","Down",TRUE
"CATSPERD",-1.47264516666667,-2.56034505115602,"Down","Down",TRUE
"CAV1",-2.65232816666667,-3.43626501748335,"Down","Down",TRUE
"CAV2",-2.3387035,-2.35816675535375,"Down","Down",TRUE
"CAVIN1",-1.21035116666667,-2.08517893630615,"Down","Down",TRUE
"CAVIN2",-2.89410016666667,-3.31476891693845,"Down","Down",TRUE
"CBFA2T3",-1.15608416666667,-1.1064622777602,"Down","Down",TRUE
"CBX7",-1.07185266666667,-1.65118326304762,"Down","Down",TRUE
"CCBE1",-2.33121866666667,-2.10522706080842,"Down","Down",TRUE
"CCDC102B",-1.571867,-1.02202277065006,"Down","Down",TRUE
"CCDC141",-1.55530083333333,-2.98901342661344,"Down","Down",TRUE
"CCDC34",1.00156333333333,1.43735302743078,"Up","Up",TRUE
"CCDC50",-1.32860716666667,-1.01778619960412,"Down","Down",TRUE
"CCDC68",-1.225409,-1.05435275139547,"Down","Down",TRUE
"CCDC69",-1.14299316666667,-1.5135026609644,"Down","Down",TRUE
"CCDC85A",-2.581462,-2.766646917299,"Down","Down",TRUE
"CCL14",-1.94167633333334,-2.03610619170165,"Down","Down",TRUE
"CCL2",-1.19641133333333,-1.52579852419603,"Down","Down",TRUE
"CCL23",-1.311048,-2.52169238037384,"Down","Down",TRUE
"CCM2L",-1.7766025,-2.53509107320515,"Down","Down",TRUE
"CCN1",-1.13004766666667,-1.63841342390088,"Down","Down",TRUE
"CCN2",-1.03311033333333,-1.61056532720465,"Down","Down",TRUE
"CCN4",1.38013633333333,2.24475108143134,"Up","Up",TRUE
"CCN5",-1.60052583333333,-2.17902348020116,"Down","Down",TRUE
"CCNA2",1.16764016666667,2.94305952223711,"Up","Up",TRUE
"CCNB1",1.7178405,2.97447419834018,"Up","Up",TRUE
"CCNB2",1.60009933333333,3.04174439221958,"Up","Up",TRUE
"CCNE2",1.03807833333333,1.93646280376693,"Up","Up",TRUE
"CD1A",1.21783716666667,1.53189641148858,"Up","Up",TRUE
"CD207",1.27517333333333,1.39339348856805,"Up","Up",TRUE
"CD24",1.61818,1.42697449890925,"Up","Up",TRUE
"CD300LG",-2.269785,-4.98179244812119,"Down","Down",TRUE
"CD36",-3.366812,-2.91725127212011,"Down","Down",TRUE
"CD52",-1.2551485,-2.38166430799278,"Down","Down",TRUE
"CD69",-1.63893233333333,-1.1584673137917,"Down","Down",TRUE
"CD93",-1.72116583333333,-2.2097030942478,"Down","Down",TRUE
"CDC20",1.787685,3.76353922089038,"Up","Up",TRUE
"CDC6",1.08035683333333,3.41767655762452,"Up","Up",TRUE
"CDCA3",1.1336805,3.26671433704809,"Up","Up",TRUE
"CDCA7",2.39098766666667,2.91144079836636,"Up","Up",TRUE
"CDH19",-1.935574,-2.22784697442091,"Down","Down",TRUE
"CDH3",1.975129,2.78693935234934,"Up","Up",TRUE
"CDH5",-2.2025655,-2.55966312207989,"Down","Down",TRUE
"CDHR3",-1.05013333333333,-1.47433208892973,"Down","Down",TRUE
"CDK1",1.16650816666667,2.45042474284936,"Up","Up",TRUE
"CDKN1C",-1.098908,-1.04194457331073,"Down","Down",TRUE
"CDKN2A",1.150903,3.55797352037629,"Up","Up",TRUE
"CDKN2B",-1.55183133333333,-1.31942990030926,"Down","Down",TRUE
"CDKN3",1.47028583333333,2.87970261713023,"Up","Up",TRUE
"CDO1",-2.3227265,-2.69878970871258,"Down","Down",TRUE
"CEACAM1",1.5261855,2.04524713329913,"Up","Up",TRUE
"CEACAM5",2.59170833333333,4.75445438640248,"Up","Up",TRUE
"CELF2",-1.355449,-1.20393191239806,"Down","Down",TRUE
"CEMIP",1.13319483333333,2.11911899645406,"Up","Up",TRUE
"CENPA",1.29286516666667,3.62269494537102,"Up","Up",TRUE
"CENPF",1.61896083333333,3.49519384755307,"Up","Up",TRUE
"CENPK",1.18033333333333,2.2459732546741,"Up","Up",TRUE
"CENPU",1.490323,2.35567093999228,"Up","Up",TRUE
"CEP55",1.62024233333333,3.24527458484073,"Up","Up",TRUE
"CES1",-1.60962633333333,-1.02602110959577,"Down","Down",TRUE
"CFAP43",-1.10689983333333,-1.56543660964569,"Down","Down",TRUE
"CFB",1.22635883333333,1.58660146539563,"Up","Up",TRUE
"CFD",-2.1406845,-2.35869656831382,"Down","Down",TRUE
"CFL2",-1.34591916666667,-1.39896423520164,"Down","Down",TRUE
"CFP",-1.2883895,-1.78046883258238,"Down","Down",TRUE
"CGNL1",-1.39660566666667,-2.22397336325093,"Down","Down",TRUE
"CHEK1",1.01098783333333,2.60221003258072,"Up","Up",TRUE
"CHI3L2",-1.20387666666667,-1.74950322286495,"Down","Down",TRUE
"CHRDL1",-2.2978665,-2.3028272246152,"Down","Down",TRUE
"CHST9",-1.10072483333333,-1.56251005993447,"Down","Down",TRUE
"CILP",1.15047483333333,2.45991822553741,"Up","Up",TRUE
"CILP2",1.15129133333333,3.50418980288281,"Up","Up",TRUE
"CIMIP1",-1.90180833333333,-2.25339031044185,"Down","Down",TRUE
"CIT",1.00132616666667,2.01702463569726,"Up","Up",TRUE
"CKMT1B",1.14833733333333,2.91629990168549,"Up","Up",TRUE
"CLC",-1.408944,-1.18065760022832,"Down","Down",TRUE
"CLDN11",-1.76483283333333,-1.24526003297766,"Down","Down",TRUE
"CLDN18",-3.22828566666667,-3.53717677382958,"Down","Down",TRUE
"CLDN2",1.28485666666667,2.88162346298257,"Up","Up",TRUE
"CLDN3",1.1713105,1.98738090115743,"Up","Up",TRUE
"CLDN5",-2.111611,-2.71963220318359,"Down","Down",TRUE
"CLEC12A",-1.348253,-1.83641128254946,"Down","Down",TRUE
"CLEC14A",-1.56608983333333,-2.30475953678879,"Down","Down",TRUE
"CLEC1A",-1.46432816666667,-2.29221688647558,"Down","Down",TRUE
"CLEC3B",-2.87982466666667,-3.78102250480334,"Down","Down",TRUE
"CLEC4E",-1.37553733333333,-1.6480861204734,"Down","Down",TRUE
"CLIC3",-1.87641333333333,-1.82142096682829,"Down","Down",TRUE
"CLIC5",-3.45981,-3.6409409069294,"Down","Down",TRUE
"CLIC6",1.34595066666667,1.22445206251236,"Up","Up",TRUE
"CLTRN",1.378427,1.53518450263942,"Up","Up",TRUE
"CMTM2",-1.71060266666667,-2.31795562562352,"Down","Down",TRUE
"CNKSR2",-1.124524,-1.74712376333513,"Down","Down",TRUE
"CNRIP1",-1.1453475,-1.47279826749612,"Down","Down",TRUE
"CNTN6",-1.35273383333333,-3.45553642885617,"Down","Down",TRUE
"COBL",-1.01223433333333,-1.1189962480389,"Down","Down",TRUE
"COL10A1",3.798228,4.63394001027268,"Up","Up",TRUE
"COL11A1",3.9757295,6.27305754747724,"Up","Up",TRUE
"COL13A1",-1.31789916666667,-1.28758261342507,"Down","Down",TRUE
"COL1A1",2.99839883333333,2.88857559533405,"Up","Up",TRUE
"COL1A2",1.831759,1.49200031212222,"Up","Up",TRUE
"COL3A1",1.98342733333333,2.52905208677607,"Up","Up",TRUE
"COL4A3",-1.44661533333333,-1.44633695359493,"Down","Down",TRUE
"COL5A1",1.5647735,2.00761556399776,"Up","Up",TRUE
"COL5A2",1.73482933333333,2.19444056562807,"Up","Up",TRUE
"COL6A5",-1.11236583333333,-1.60659583372812,"Down","Down",TRUE
"COL6A6",-2.31264116666667,-2.82109909619093,"Down","Down",TRUE
"COMP",2.2045875,2.87509578600049,"Up","Up",TRUE
"CORO2B",-1.57073016666667,-2.19459179783421,"Down","Down",TRUE
"COX4I2",-1.1674005,-2.2923293634963,"Down","Down",TRUE
"COX7A1",-1.35562116666667,-1.93821859557457,"Down","Down",TRUE
"CP",2.2368555,3.49271221407147,"Up","Up",TRUE
"CPA3",-1.20073733333333,-1.69755479791815,"Down","Down",TRUE
"CPB2",-2.80090183333333,-2.73239402636471,"Down","Down",TRUE
"CPED1",-1.215605,-1.96218494182042,"Down","Down",TRUE
"CRABP2",2.3049745,5.56425521038266,"Up","Up",TRUE
"CREB3L4",1.0946985,1.40354039649483,"Up","Up",TRUE
"CRIM1",-1.20669566666667,-1.34428651714378,"Down","Down",TRUE
"CRLF1",1.27638533333333,4.07802315719515,"Up","Up",TRUE
"CRTAC1",-1.51601233333333,-2.5963574541558,"Down","Down",TRUE
"CRTAM",-1.02998033333333,-1.07201241537465,"Down","Down",TRUE
"CRYAB",-1.55873583333333,-1.9603364178899,"Down","Down",TRUE
"CRYM",1.21416283333333,1.02760945194847,"Up","Up",TRUE
"CSF3",-1.40935283333333,-4.68525838751799,"Down","Down",TRUE
"CSF3R",-1.25001083333333,-1.11579588660062,"Down","Down",TRUE
"CSRNP1",-1.73471716666667,-2.39687756906959,"Down","Down",TRUE
"CST1",2.98962866666667,6.83295479851272,"Up","Up",TRUE
"CST2",1.13480533333333,2.23198111052595,"Up","Up",TRUE
"CST4",1.22859616666667,5.9016432303682,"Up","Up",TRUE
"CT83",1.05443683333333,6.64470361170029,"Up","Up",TRUE
"CTHRC1",3.193161,3.79360663326572,"Up","Up",TRUE
"CTNNAL1",-1.177881,-1.3982690450157,"Down","Down",TRUE
"CX3CL1",-1.22555933333333,-1.09339594934147,"Down","Down",TRUE
"CX3CR1",-1.435506,-1.57847964987179,"Down","Down",TRUE
"CXCL12",-1.39051883333333,-1.27279511870331,"Down","Down",TRUE
"CXCL13",2.14051366666667,2.63880184154279,"Up","Up",TRUE
"CXCL14",2.42991216666667,4.30484061686933,"Up","Up",TRUE
"CXCL2",-2.17339283333333,-2.42589959691611,"Down","Down",TRUE
"CXCL3",-1.98483616666667,-1.74624713480106,"Down","Down",TRUE
"CXCR2",-2.39736833333333,-2.61092897230584,"Down","Down",TRUE
"CYBRD1",-1.2620935,-1.7712936588792,"Down","Down",TRUE
"CYP4B1",-1.72965733333333,-2.54576789755885,"Down","Down",TRUE
"CYRIA",-1.30169816666667,-1.39835463119112,"Down","Down",TRUE
"CYYR1",-1.76472783333333,-2.28122912710251,"Down","Down",TRUE
"DACH1",-2.23743883333333,-2.44936877996684,"Down","Down",TRUE
"DAPK2",-1.257503,-1.93307719443947,"Down","Down",TRUE
"DCC",-1.07674016666667,-2.5886044566942,"Down","Down",TRUE
"DCLK1",1.04406383333333,1.15802723330327,"Up","Up",TRUE
"DENND2A",-1.22800033333333,-1.76849490658535,"Down","Down",TRUE
"DENND3",-1.37773016666667,-1.74471647041684,"Down","Down",TRUE
"DEPDC1",1.15640983333333,3.77894327158993,"Up","Up",TRUE
"DEPDC1B",1.038796,3.62350236461514,"Up","Up",TRUE
"DEPDC7",1.05004366666667,2.54084303151196,"Up","Up",TRUE
"DEPP1",-1.26301183333333,-1.81682358846887,"Down","Down",TRUE
"DEPTOR",1.59635783333333,1.52803854924403,"Up","Up",TRUE
"DERL3",1.06567083333333,2.16579777461361,"Up","Up",TRUE
"DES",-1.45480233333333,-3.05570490530977,"Down","Down",TRUE
"DIO1",1.165412,1.32689148885862,"Up","Up",TRUE
"DIO2",1.14844166666667,2.43180034707002,"Up","Up",TRUE
"DIPK2B",-1.03522833333333,-1.77883411112094,"Down","Down",TRUE
"DIXDC1",-1.0258135,-1.26237457343702,"Down","Down",TRUE
"DKK2",-1.8459845,-2.3146033704881,"Down","Down",TRUE
"DLC1",-1.9003025,-2.25868329679718,"Down","Down",TRUE
"DLGAP5",1.90557616666667,3.67738359611979,"Up","Up",TRUE
"DNAH12",-1.173657,-1.53715419038668,"Down","Down",TRUE
"DNAH14",1.20531683333333,2.11066872966607,"Up","Up",TRUE
"DNAI4",-1.0069295,-1.26373753185927,"Down","Down",TRUE
"DNAJB4",-1.298687,-1.19290579109391,"Down","Down",TRUE
"DNAJC12",1.91248233333333,4.25882713835105,"Up","Up",TRUE
"DNASE1L3",-1.87068366666667,-3.4991175035994,"Down","Down",TRUE
"DOCK11",-1.00044633333333,-1.25261136991273,"Down","Down",TRUE
"DOCK4",-1.45429016666667,-1.51175423603258,"Down","Down",TRUE
"DOK5",1.35745633333333,2.25838153950145,"Up","Up",TRUE
"DOK6",-1.259498,-1.04593586818379,"Down","Down",TRUE
"DPEP2",-1.2825605,-2.17964134846484,"Down","Down",TRUE
"DPP4",1.06199916666667,1.27725169403712,"Up","Up",TRUE
"DPP6",-1.698975,-3.25904543904334,"Down","Down",TRUE
"DPT",-1.54955883333333,-1.46540352410784,"Down","Down",TRUE
"DPY19L1",1.22313266666667,1.11632064695373,"Up","Up",TRUE
"DPYSL2",-1.01285916666667,-1.57086851097817,"Down","Down",TRUE
"DRAIC",1.2142525,2.8323743809539,"Up","Up",TRUE
"DSP",1.03544183333333,2.18231186538916,"Up","Up",TRUE
"DUOX1",-1.92627866666667,-2.58485427390487,"Down","Down",TRUE
"DUSP1",-1.15214383333333,-1.59069687343669,"Down","Down",TRUE
"DYNLRB2",-1.526492,-2.00185512691247,"Down","Down",TRUE
"E2F8",1.36147666666667,3.16426774104749,"Up","Up",TRUE
"ECM1",1.0636965,1.62549028004708,"Up","Up",TRUE
"ECM2",-1.06829133333333,-1.23807231496875,"Down","Down",TRUE
"ECRG4",-2.2924125,-2.54434900433481,"Down","Down",TRUE
"ECSCR",-1.80960616666667,-2.25569291732954,"Down","Down",TRUE
"ECT2",1.27867166666667,2.16748848337575,"Up","Up",TRUE
"EDN1",-1.9058865,-2.02530200447628,"Down","Down",TRUE
"EDNRB",-2.76943683333333,-3.50205410829943,"Down","Down",TRUE
"EEF1A2",1.06242683333333,6.35241548013618,"Up","Up",TRUE
"EFEMP1",-1.71725533333333,-1.61226912802356,"Down","Down",TRUE
"EFNA4",1.6109275,2.19439504040828,"Up","Up",TRUE
"EGF",1.02237566666667,2.2106131583461,"Up","Up",TRUE
"EGLN3",1.05825983333333,3.04117704285479,"Up","Up",TRUE
"EGR1",-1.13944766666667,-1.88506054321861,"Down","Down",TRUE
"EGR3",-1.564094,-1.75608594456299,"Down","Down",TRUE
"EIF4E3",-1.07481516666667,-1.10342499797003,"Down","Down",TRUE
"ELAPOR2",-1.26818283333333,-2.09542669346576,"Down","Down",TRUE
"EMCN",-2.92047883333333,-2.74990220205484,"Down","Down",TRUE
"EML1",-1.49663316666667,-1.69378116914609,"Down","Down",TRUE
"EMP1",-1.74328383333333,-1.79330375206199,"Down","Down",TRUE
"EMP2",-1.86773733333333,-2.73639280586249,"Down","Down",TRUE
"ENC1",1.20237933333333,1.24230409948965,"Up","Up",TRUE
"ENO1",1.1559115,1.18177236933302,"Up","Up",TRUE
"ENPP3",1.05224883333333,2.17669408758353,"Up","Up",TRUE
"ENTREP1",-1.79586033333333,-2.85366714576283,"Down","Down",TRUE
"EPAS1",-1.630025,-2.72432395512274,"Down","Down",TRUE
"EPB41L2",-1.01391983333333,-1.40762383908929,"Down","Down",TRUE
"EPB41L3",-1.2741475,-1.07866206329179,"Down","Down",TRUE
"EPCAM",1.02819916666667,1.60243081321948,"Up","Up",TRUE
"EPHX3",1.108566,2.20810624030374,"Up","Up",TRUE
"ERG",-1.09738083333333,-2.14609186122988,"Down","Down",TRUE
"ERICH3",-1.21381,-2.03602469254455,"Down","Down",TRUE
"ERO1A",1.06813183333333,2.05975555022185,"Up","Up",TRUE
"ESAM",-1.53142866666667,-1.95602730822119,"Down","Down",TRUE
"ETS1",-1.01123983333333,-1.18787503682754,"Down","Down",TRUE
"ETV4",1.1140395,3.84939899723973,"Up","Up",TRUE
"EYA4",-1.4440075,-1.37635625585212,"Down","Down",TRUE
"EZH2",1.1959435,2.54430152615971,"Up","Up",TRUE
"F2RL1",1.48784716666667,1.32097779633401,"Up","Up",TRUE
"F8",-1.087839,-1.81488642329186,"Down","Down",TRUE
"FA2H",1.37753433333333,2.51264541787319,"Up","Up",TRUE
"FABP4",-3.7473685,-4.90877038591133,"Down","Down",TRUE
"FAM107A",-2.6494565,-4.55978294366883,"Down","Down",TRUE
"FAM13C",-1.735457,-1.72172344610193,"Down","Down",TRUE
"FAM162B",-1.71803983333333,-2.30187747822895,"Down","Down",TRUE
"FAM167A",-1.336033,-1.91168372254915,"Down","Down",TRUE
"FAM216B",-1.48371166666667,-2.35224328549193,"Down","Down",TRUE
"FAM43A",-1.29647966666667,-1.19928634706248,"Down","Down",TRUE
"FAM83A",1.088945,6.79031989779441,"Up","Up",TRUE
"FANCI",1.03899266666667,1.89421653216119,"Up","Up",TRUE
"FAP",1.35782766666667,2.32351706895124,"Up","Up",TRUE
"FAR2",-1.1110795,-1.19028442425076,"Down","Down",TRUE
"FAT3",-1.92277,-1.81900962057283,"Down","Down",TRUE
"FAXC",1.0860385,1.29260249656684,"Up","Up",TRUE
"FBLN1",-1.11282216666667,-1.36767935889326,"Down","Down",TRUE
"FBLN5",-1.3502605,-1.80825816706086,"Down","Down",TRUE
"FBXO32",1.38695033333333,2.11117506089582,"Up","Up",TRUE
"FCGBP",1.75003966666667,1.58238257497175,"Up","Up",TRUE
"FCGR3B",-1.62554383333333,-2.36760449505518,"Down","Down",TRUE
"FCN1",-1.83484233333333,-1.75096940200246,"Down","Down",TRUE
"FCN3",-3.40527366666667,-4.5329591736049,"Down","Down",TRUE
"FDCSP",1.11639383333333,1.65627560603071,"Up","Up",TRUE
"FEN1",1.00314316666667,1.5736206712959,"Up","Up",TRUE
"FENDRR",-1.1607,-3.89129597432536,"Down","Down",TRUE
"FERMT1",1.64316216666667,3.21909270129059,"Up","Up",TRUE
"FERMT2",-1.19426583333333,-1.41127182858867,"Down","Down",TRUE
"FEZ1",-1.609674,-2.15362190181645,"Down","Down",TRUE
"FGD5",-1.496624,-2.25411968639297,"Down","Down",TRUE
"FGF2",-1.82542133333333,-2.01108125433311,"Down","Down",TRUE
"FGFBP2",-2.51557433333333,-3.1035127705899,"Down","Down",TRUE
"FGFR4",-1.751201,-2.4752472827151,"Down","Down",TRUE
"FGR",-1.424352,-2.11135334953871,"Down","Down",TRUE
"FHL1",-2.34986816666667,-3.42390193230079,"Down","Down",TRUE
"FHL2",1.1628955,2.34159494784244,"Up","Up",TRUE
"FHL5",-1.9451695,-2.76501984633588,"Down","Down",TRUE
"FIBIN",-2.01163333333333,-2.1561776757213,"Down","Down",TRUE
"FIGNL1",1.263602,1.58012503894023,"Up","Up",TRUE
"FILIP1",-2.440427,-1.81508585772648,"Down","Down",TRUE
"FKBP11",1.14209833333333,1.72640828943655,"Up","Up",TRUE
"FLI1",-1.41582316666667,-1.68248115496245,"Down","Down",TRUE
"FLRT3",-1.66391883333333,-1.79747747069268,"Down","Down",TRUE
"FMO2",-2.54368683333333,-3.26760426111074,"Down","Down",TRUE
"FMO3",-1.16345966666667,-1.14232707768244,"Down","Down",TRUE
"FNDC1",1.48816,2.39631814917408,"Up","Up",TRUE
"FOS",-1.4994115,-1.69249263049002,"Down","Down",TRUE
"FOSB",-2.68793483333333,-3.31152690988919,"Down","Down",TRUE
"FOXF1",-2.011578,-2.75159688187548,"Down","Down",TRUE
"FOXM1",1.1844405,3.33868091498636,"Up","Up",TRUE
"FPR1",-1.36084383333333,-1.94388543248313,"Down","Down",TRUE
"FPR2",-1.82578116666667,-2.9699687752401,"Down","Down",TRUE
"FRAS1",-1.95310016666667,-1.50594292426746,"Down","Down",TRUE
"FRMD3",-1.8765855,-2.40668480831392,"Down","Down",TRUE
"FRMD5",1.50537033333333,3.55979240943467,"Up","Up",TRUE
"FRY",-1.55577683333333,-1.49463911660665,"Down","Down",TRUE
"FUT2",1.865823,3.16790907394215,"Up","Up",TRUE
"FUT3",1.3265935,2.30715836921726,"Up","Up",TRUE
"FUT8",1.15455433333333,1.4356850285023,"Up","Up",TRUE
"FUT9",1.03730933333333,6.71961114869286,"Up","Up",TRUE
"FXYD1",-1.62621583333333,-2.66180051683031,"Down","Down",TRUE
"FXYD6",-1.4187385,-1.85762008719951,"Down","Down",TRUE
"FYB2",-1.07114166666667,-1.0083065967875,"Down","Down",TRUE
"FZD4",-1.23958083333333,-1.60928919787088,"Down","Down",TRUE
"GABARAPL1",-1.05819683333333,-1.00039503086799,"Down","Down",TRUE
"GADD45B",-1.50332716666667,-1.78027846355183,"Down","Down",TRUE
"GALE",1.2053185,1.05887302987958,"Up","Up",TRUE
"GALNT18",-1.17768933333333,-1.42919634232313,"Down","Down",TRUE
"GALNT6",1.11709183333333,1.82689760831784,"Up","Up",TRUE
"GALNT7",1.46502333333333,1.73733480307956,"Up","Up",TRUE
"GATA2",-1.33031066666667,-1.87805400789497,"Down","Down",TRUE
"GATA6",-1.49089966666667,-1.7293109462109,"Down","Down",TRUE
"GBP4",-1.4811275,-1.32887804248163,"Down","Down",TRUE
"GCNT3",2.47473016666667,5.14671927621799,"Up","Up",TRUE
"GDF10",-1.97101183333333,-3.19841613086701,"Down","Down",TRUE
"GDF15",1.56786116666667,1.43400399923149,"Up","Up",TRUE
"GFOD1",-1.15206266666667,-1.78243575908968,"Down","Down",TRUE
"GFPT1",1.19435316666667,1.15760481126993,"Up","Up",TRUE
"GFRA3",1.776461,2.93646613547155,"Up","Up",TRUE
"GGCT",1.1696895,1.69646215376423,"Up","Up",TRUE
"GHR",-1.85500816666667,-2.01827145442242,"Down","Down",TRUE
"GIMAP1",-1.3378815,-2.03965556919951,"Down","Down",TRUE
"GIMAP4",-1.315391,-1.48387639780145,"Down","Down",TRUE
"GIMAP5",-1.19983816666667,-1.21113347460018,"Down","Down",TRUE
"GIMAP6",-1.959076,-2.09630899587543,"Down","Down",TRUE
"GIMAP7",-1.639405,-1.82216349175174,"Down","Down",TRUE
"GIMAP8",-2.20489666666667,-2.45716333957266,"Down","Down",TRUE
"GINS1",1.96395183333333,3.03420498093038,"Up","Up",TRUE
"GINS2",1.11872016666667,2.84975437187805,"Up","Up",TRUE
"GIPC2",-1.13125516666667,-1.74317100609752,"Down","Down",TRUE
"GIRGL",1.36979633333333,1.08696424769192,"Up","Up",TRUE
"GJA4",-1.045496,-1.46523305761472,"Down","Down",TRUE
"GJA5",-1.1322905,-1.6909519128154,"Down","Down",TRUE
"GJB2",2.57142833333333,4.55923125586816,"Up","Up",TRUE
"GKN2",-3.25140116666667,-1.84235349046465,"Down","Down",TRUE
"GLB1L2",1.19188466666667,1.46347450330144,"Up","Up",TRUE
"GLB1L3",2.18166916666667,5.20052083635814,"Up","Up",TRUE
"GLDN",-1.04948533333333,-2.53095554705382,"Down","Down",TRUE
"GLIPR2",-1.0876215,-2.21870904131847,"Down","Down",TRUE
"GMDS",1.10429566666667,1.46771603354515,"Up","Up",TRUE
"GMFG",-1.14688466666667,-1.4916885799056,"Down","Down",TRUE
"GMNN",1.07705616666667,1.3521556307441,"Up","Up",TRUE
"GNG11",-2.24147366666667,-1.71901204771577,"Down","Down",TRUE
"GOLM1",2.06918166666667,2.63150429301397,"Up","Up",TRUE
"GPC3",-1.98719383333333,-2.16412699197722,"Down","Down",TRUE
"GPIHBP1",-2.2897235,-3.71281835668158,"Down","Down",TRUE
"GPM6A",-4.19842516666667,-4.43938791353983,"Down","Down",TRUE
"GPM6B",-1.939575,-1.95996403856255,"Down","Down",TRUE
"GPR146",-1.64063266666667,-2.07934241947118,"Down","Down",TRUE
"GPR37",1.23465316666667,2.71318907729457,"Up","Up",TRUE
"GPR65",-1.0164975,-1.09773118880258,"Down","Down",TRUE
"GPR87",1.181735,3.92480239013449,"Up","Up",TRUE
"GPRC5A",-1.44810266666667,-1.33616128336823,"Down","Down",TRUE
"GPT2",1.38375883333333,3.40207224396637,"Up","Up",TRUE
"GPX2",1.37394166666667,5.94622792005968,"Up","Up",TRUE
"GPX3",-1.57697266666667,-2.27543947179061,"Down","Down",TRUE
"GPX8",1.23500683333333,1.21697095035602,"Up","Up",TRUE
"GRAMD2A",-1.03813883333333,-1.32585871508695,"Down","Down",TRUE
"GRB14",1.235393,1.55473961910988,"Up","Up",TRUE
"GREM1",3.02712416666667,5.0480858238105,"Up","Up",TRUE
"GRIA1",-1.99308466666667,-3.72370833419665,"Down","Down",TRUE
"GRK5",-1.770033,-2.49769070176163,"Down","Down",TRUE
"GRTP1",1.26540733333333,1.50930348268971,"Up","Up",TRUE
"GSDMB",1.29866633333333,1.72429307586194,"Up","Up",TRUE
"GTSE1",1.4127085,3.09127923907161,"Up","Up",TRUE
"GUCY1A2",-1.66651666666667,-1.91210276550365,"Down","Down",TRUE
"GYPC",-1.058373,-1.75732672486449,"Down","Down",TRUE
"H2BC5",1.2441295,2.67006291565594,"Up","Up",TRUE
"HABP2",1.8988605,2.21838067925157,"Up","Up",TRUE
"HACD1",-1.318718,-1.07907990169797,"Down","Down",TRUE
"HBA1",-2.40941966666667,-4.37712864171982,"Down","Down",TRUE
"HBA2",-2.40933433333333,-4.16618672081886,"Down","Down",TRUE
"HBB",-2.47276833333333,-4.24756795829106,"Down","Down",TRUE
"HBEGF",-2.01943183333333,-2.58659353782489,"Down","Down",TRUE
"HCAR3",-2.08746616666667,-1.29550775077648,"Down","Down",TRUE
"HECW2",-1.35608583333333,-1.27395658994883,"Down","Down",TRUE
"HEG1",-1.43910283333333,-2.12776331161698,"Down","Down",TRUE
"HHIP",-1.96980583333333,-2.90171216478625,"Down","Down",TRUE
"HIF3A",-1.024504,-1.00855551189513,"Down","Down",TRUE
"HIGD1B",-1.897787,-2.75444494042778,"Down","Down",TRUE
"HKDC1",1.32971316666667,1.69613269017349,"Up","Up",TRUE
"HLF",-1.07224616666667,-1.3797262801482,"Down","Down",TRUE
"HMGA2",1.32945816666667,5.7708626586161,"Up","Up",TRUE
"HMGB3",1.844335,3.48968339533619,"Up","Up",TRUE
"HMGCLL1",-1.249713,-1.80318189548053,"Down","Down",TRUE
"HMMR",1.902959,3.01290024792276,"Up","Up",TRUE
"HOATZ",-1.14699466666667,-2.43118842984551,"Down","Down",TRUE
"HOOK1",1.02139766666667,1.08235997966518,"Up","Up",TRUE
"HOXA10",1.02060633333333,4.1056127837674,"Up","Up",TRUE
"HOXA5",-1.4130295,-1.61555245511193,"Down","Down",TRUE
"HOXB7",1.09185966666667,2.07354189097857,"Up","Up",TRUE
"HS6ST2",3.43025966666667,3.68477456424448,"Up","Up",TRUE
"HSD17B6",-1.71867766666667,-2.28058830927812,"Down","Down",TRUE
"HSPA12B",-1.53015,-2.79805528196493,"Down","Down",TRUE
"HSPB6",-1.34985066666667,-2.51715141947698,"Down","Down",TRUE
"HSPB8",-1.42865833333333,-1.99324523033233,"Down","Down",TRUE
"HSPC324",-1.0781155,-3.63915052297224,"Down","Down",TRUE
"HYAL1",-1.63656133333333,-1.90146034647095,"Down","Down",TRUE
"IBSP",1.23377616666667,4.7405165009551,"Up","Up",TRUE
"ICAM2",-1.27845933333333,-1.4131590529057,"Down","Down",TRUE
"ID3",-1.07432916666667,-1.15787296326839,"Down","Down",TRUE
"ID4",-1.86232766666667,-1.96115984750402,"Down","Down",TRUE
"IGF2BP3",1.62881583333333,4.02508641891741,"Up","Up",TRUE
"IGFBP3",1.17137033333333,2.15907085870421,"Up","Up",TRUE
"IGFL2",1.08009266666667,3.79796060014053,"Up","Up",TRUE
"IGHA1",1.076403,1.82534308447677,"Up","Up",TRUE
"IGHM",1.07714133333333,1.86165977508341,"Up","Up",TRUE
"IGKC",1.17926883333333,2.62531367910477,"Up","Up",TRUE
"IGKV1D-37",1.04979516666667,2.87433658892591,"Up","Up",TRUE
"IGKV4-1",1.13558033333333,2.82834536887918,"Up","Up",TRUE
"IGLV1-44",1.10715866666667,2.26292625031969,"Up","Up",TRUE
"IGLV3-10",1.04604033333333,2.41261539044793,"Up","Up",TRUE
"IGLV3-19",1.04282833333333,2.57388508369206,"Up","Up",TRUE
"IGLV3-25",1.04136216666667,2.4378849591016,"Up","Up",TRUE
"IGSF10",-1.87920333333333,-2.79389700418025,"Down","Down",TRUE
"IGSF9",1.12513,3.23129854632677,"Up","Up",TRUE
"IL17D",-1.0283215,-1.58528897255056,"Down","Down",TRUE
"IL18R1",-1.47989916666667,-1.48217999852067,"Down","Down",TRUE
"IL1B",-1.084938,-1.01659838902987,"Down","Down",TRUE
"IL1RL1",-2.87255816666667,-2.8801618448195,"Down","Down",TRUE
"IL33",-2.03683233333333,-2.08534884387343,"Down","Down",TRUE
"IL6",-2.84491,-2.85834924470858,"Down","Down",TRUE
"IL7R",-1.52181516666667,-2.02224239875172,"Down","Down",TRUE
"INAVA",1.650581,2.18953524510268,"Up","Up",TRUE
"INMT",-2.53194883333333,-3.52040047287965,"Down","Down",TRUE
"IQGAP3",1.09767116666667,3.60927640495664,"Up","Up",TRUE
"ITGA11",1.09691066666667,2.8706451912601,"Up","Up",TRUE
"ITGA8",-1.65859133333333,-2.09989083512829,"Down","Down",TRUE
"ITGAL",-1.10359033333333,-1.21473508019474,"Down","Down",TRUE
"ITIH5",-1.239751,-2.10105432499586,"Down","Down",TRUE
"ITLN1",-1.396875,-4.79443031833406,"Down","Down",TRUE
"ITM2A",-1.51531466666667,-2.04614577629298,"Down","Down",TRUE
"ITPRIP",-1.15947533333333,-1.66358454069374,"Down","Down",TRUE
"JAM2",-1.64523,-2.51240773881914,"Down","Down",TRUE
"JAM3",-1.03723933333333,-1.26237782509608,"Down","Down",TRUE
"JCAD",-2.17507833333333,-2.09873179697499,"Down","Down",TRUE
"JPT1",1.0572715,1.6520379568537,"Up","Up",TRUE
"JPT2",1.095486,1.09195505214477,"Up","Up",TRUE
"JUNB",-1.02966,-1.16531869565505,"Down","Down",TRUE
"JUND",-1.09783266666667,-1.46696618924827,"Down","Down",TRUE
"KANK2",-1.08594683333333,-1.64829809318822,"Down","Down",TRUE
"KANK3",-2.01435583333333,-2.86346765951906,"Down","Down",TRUE
"KCNAB1",-1.0973285,-1.60511895561417,"Down","Down",TRUE
"KCNJ15",-1.00591916666667,-1.39659797604963,"Down","Down",TRUE
"KCNJ8",-1.2271965,-1.21172114541945,"Down","Down",TRUE
"KCNK1",1.11219983333333,1.36844039031639,"Up","Up",TRUE
"KCNK3",-2.0032765,-2.20490874115526,"Down","Down",TRUE
"KCNK5",1.53734966666667,1.46721657534164,"Up","Up",TRUE
"KCNN4",1.363738,3.22678142094058,"Up","Up",TRUE
"KCNT2",-2.1602865,-2.47874541315245,"Down","Down",TRUE
"KDELR3",1.69142183333333,2.2266075822278,"Up","Up",TRUE
"KIAA0040",-1.0323765,-1.27117805930151,"Down","Down",TRUE
"KIF11",1.48366416666667,2.68806655456795,"Up","Up",TRUE
"KIF14",1.17185816666667,3.75699811374898,"Up","Up",TRUE
"KIF15",1.040383,2.68397560525497,"Up","Up",TRUE
"KIF20A",1.68324733333333,3.15461319403425,"Up","Up",TRUE
"KIF26B",2.09627416666667,3.14513473203223,"Up","Up",TRUE
"KIF2C",1.3650125,3.57206287997773,"Up","Up",TRUE
"KIF4A",1.520885,3.81840446084778,"Up","Up",TRUE
"KISS1R",1.26701166666667,6.27420759739914,"Up","Up",TRUE
"KL",-2.27307616666667,-2.3190936882504,"Down","Down",TRUE
"KLB",-1.06172783333333,-1.31809347731393,"Down","Down",TRUE
"KLF13",-1.0236075,-1.39149288701975,"Down","Down",TRUE
"KLF2",-1.67268083333333,-1.77680497826171,"Down","Down",TRUE
"KLF4",-2.2949405,-2.29035602745656,"Down","Down",TRUE
"KLF6",-1.49032183333333,-1.79653945829058,"Down","Down",TRUE
"KLF9",-1.43206866666667,-1.67621744337763,"Down","Down",TRUE
"KLRD1",-1.53696216666667,-1.02984421151236,"Down","Down",TRUE
"KLRF1",-1.94239383333333,-1.56840325738427,"Down","Down",TRUE
"KNL1",1.03217533333333,2.63539259074426,"Up","Up",TRUE
"KRT15",1.16147416666667,2.41646073849877,"Up","Up",TRUE
"KRT4",-1.4647155,-2.10512315435099,"Down","Down",TRUE
"KRT6A",1.0813615,5.37154655229782,"Up","Up",TRUE
"KRT80",1.224104,2.42986644735414,"Up","Up",TRUE
"LAD1",1.39025666666667,1.9417076802091,"Up","Up",TRUE
"LAMP3",-1.89070166666667,-2.79143974211985,"Down","Down",TRUE
"LAMP5",1.01618583333333,1.5144957196416,"Up","Up",TRUE
"LAPTM4B",1.105258,1.42904583345212,"Up","Up",TRUE
"LATS2",-1.04202233333333,-1.20721292580048,"Down","Down",TRUE
"LCAL1",1.65140983333333,7.82952722947802,"Up","Up",TRUE
"LCN2",1.13047,2.67889383614974,"Up","Up",TRUE
"LDB2",-2.141649,-2.59018098147435,"Down","Down",TRUE
"LDLR",-1.55170666666667,-2.12528270385598,"Down","Down",TRUE
"LEMD1",1.17310016666667,2.8083143409531,"Up","Up",TRUE
"LEPR",-1.89284716666667,-1.8393526586372,"Down","Down",TRUE
"LGALS4",1.029969,3.28359602165914,"Up","Up",TRUE
"LGALSL",-1.01658316666667,-1.84354510603878,"Down","Down",TRUE
"LGI3",-1.27975883333333,-4.28062741238887,"Down","Down",TRUE
"LGR4",1.822028,2.72214206490681,"Up","Up",TRUE
"LGSN",2.13462833333333,4.55619903473417,"Up","Up",TRUE
"LHFPL6",-1.38664466666667,-1.7109744429334,"Down","Down",TRUE
"LIFR",-1.61928366666667,-1.60079678961685,"Down","Down",TRUE
"LIMCH1",-1.65756716666667,-1.61120500292497,"Down","Down",TRUE
"LIMS2",-1.22492583333333,-2.81696908154904,"Down","Down",TRUE
"LIN7A",-2.2304325,-2.51771691628415,"Down","Down",TRUE
"LINC00467",1.16979983333333,1.04056393778774,"Up","Up",TRUE
"LINC00472",-1.091779,-1.49802178656748,"Down","Down",TRUE
"LINC00511",2.24942533333333,3.16591798084081,"Up","Up",TRUE
"LINC00622",-1.19394616666667,-1.2487173317021,"Down","Down",TRUE
"LINC00968",-2.32953966666667,-3.52411103929838,"Down","Down",TRUE
"LINC01614",1.887576,3.68993901580372,"Up","Up",TRUE
"LINC03013",-1.13396383333333,-2.44685705538794,"Down","Down",TRUE
"LMCD1",-1.06048833333333,-1.75687479156875,"Down","Down",TRUE
"LMO2",-1.33308266666667,-1.92523667388561,"Down","Down",TRUE
"LMO7",-1.80828483333333,-1.40655102505657,"Down","Down",TRUE
"LPL",-1.70144816666667,-2.09511060634123,"Down","Down",TRUE
"LRCH2",-1.09636016666667,-1.24659495490267,"Down","Down",TRUE
"LRIG3",1.2242565,1.43248772713028,"Up","Up",TRUE
"LRRC15",1.758185,2.30962364087364,"Up","Up",TRUE
"LRRC31",1.95720583333333,1.63152226889027,"Up","Up",TRUE
"LRRC32",-1.52866983333333,-2.37557902553306,"Down","Down",TRUE
"LRRC46",-1.07795583333333,-1.85548067554942,"Down","Down",TRUE
"LRRC70",-1.172731,-1.03078535930308,"Down","Down",TRUE
"LRRK2",-2.09880283333333,-2.00479022343985,"Down","Down",TRUE
"LRRN3",-2.1063895,-2.73527872248818,"Down","Down",TRUE
"LSAMP",-1.13964316666667,-1.41555701225104,"Down","Down",TRUE
"LSR",1.041171,1.36415056544269,"Up","Up",TRUE
"LTBP4",-1.4337455,-2.23270753387749,"Down","Down",TRUE
"LYVE1",-2.29578633333333,-3.19903408946168,"Down","Down",TRUE
"MAD2L1",1.45310316666667,2.5803157478664,"Up","Up",TRUE
"MAFF",-1.61874133333333,-1.52109726935574,"Down","Down",TRUE
"MAGI2-AS3",-1.01578883333333,-1.52052359453264,"Down","Down",TRUE
"MAL",-1.35173133333333,-1.26235778367159,"Down","Down",TRUE
"MAMDC2",-2.50653483333333,-2.67708241281926,"Down","Down",TRUE
"MANEAL",1.42628983333333,1.76310833280403,"Up","Up",TRUE
"MAOB",-1.06248883333333,-1.53805211744786,"Down","Down",TRUE
"MAP3K8",-1.6297865,-1.14761299440447,"Down","Down",TRUE
"MAP7D2",1.67774,3.36505293924027,"Up","Up",TRUE
"MARCO",-1.95907283333333,-3.02929701275563,"Down","Down",TRUE
"MASP1",-1.50618583333333,-2.71874422283557,"Down","Down",TRUE
"MB",1.004142,3.22250926685984,"Up","Up",TRUE
"MBNL1-AS1",-1.26598616666667,-1.71022258271226,"Down","Down",TRUE
"MCC",-1.178271,-1.19753655404285,"Down","Down",TRUE
"MCEMP1",-2.70982166666667,-4.04345075518045,"Down","Down",TRUE
"MCM2",1.10508416666667,1.96180575960379,"Up","Up",TRUE
"MCM4",1.1612055,2.20672587838231,"Up","Up",TRUE
"MDK",1.55087166666667,3.05139029368257,"Up","Up",TRUE
"MED12L",-2.85504283333333,1.25931292280506,"Down","Up",FALSE
"MEIS1",-1.04855566666667,-1.07442802924192,"Down","Down",TRUE
"MELK",1.6180215,3.61079403267398,"Up","Up",TRUE
"MESP1",1.17594916666667,2.37688303073679,"Up","Up",TRUE
"MFAP2",1.10327716666667,1.51692938916968,"Up","Up",TRUE
"MFAP3L",-1.54250516666667,-2.07717354318592,"Down","Down",TRUE
"MFAP4",-2.023611,-2.66619225185165,"Down","Down",TRUE
"MFNG",-1.00472666666667,-1.53708272200113,"Down","Down",TRUE
"MGAM",-1.37219566666667,-1.19635175606969,"Down","Down",TRUE
"MICU3",-1.12567283333333,-1.04032257101106,"Down","Down",TRUE
"MIR22HG",-1.42722366666667,-1.59534820014374,"Down","Down",TRUE
"MIR3945HG",-1.21830933333333,-3.37763505458483,"Down","Down",TRUE
"MKI67",1.10284883333333,3.10239693353777,"Up","Up",TRUE
"MME",-2.194316,-2.4478460874297,"Down","Down",TRUE
"MMP1",3.04218816666667,4.92268166090793,"Up","Up",TRUE
"MMP10",1.03285816666667,3.34742355888051,"Up","Up",TRUE
"MMP11",2.281383,5.53031546234099,"Up","Up",TRUE
"MMP12",3.17540266666667,3.98486479394977,"Up","Up",TRUE
"MMP13",1.843859,6.13304917584794,"Up","Up",TRUE
"MMP19",-1.14397316666667,-2.03358912385809,"Down","Down",TRUE
"MMP7",1.59903316666667,2.01878721497582,"Up","Up",TRUE
"MMP9",1.44298633333333,1.98963631217806,"Up","Up",TRUE
"MMRN1",-2.00269566666667,-2.35651615730353,"Down","Down",TRUE
"MMRN2",-1.763683,-2.14292333891325,"Down","Down",TRUE
"MND1",1.09712216666667,2.70988142243466,"Up","Up",TRUE
"MNDA",-1.50093283333333,-1.46761650845349,"Down","Down",TRUE
"MORN5",-1.0295505,-2.20264997595564,"Down","Down",TRUE
"MS4A15",-2.07929216666667,-1.94401753883527,"Down","Down",TRUE
"MS4A2",-1.19908366666667,-1.8922039804849,"Down","Down",TRUE
"MS4A7",-1.12262083333333,-2.11415999987828,"Down","Down",TRUE
"MSI2",1.15958916666667,1.1906552082266,"Up","Up",TRUE
"MSLN",-1.09172583333333,1.27214631201421,"Down","Up",FALSE
"MSR1",-1.1124515,-2.30078387931638,"Down","Down",TRUE
"MSRB3",-1.35583383333333,-1.84672695213742,"Down","Down",TRUE
"MSX1",-1.00485183333333,-1.02176884548738,"Down","Down",TRUE
"MT1M",-3.11588,-2.79918911918997,"Down","Down",TRUE
"MTARC2",-1.04335733333333,-1.48374679750205,"Down","Down",TRUE
"MTURN",-1.46252916666667,-1.25784622301026,"Down","Down",TRUE
"MUC20",1.77883283333333,2.14683740814068,"Up","Up",TRUE
"MUC5B",1.3337845,3.94038586570683,"Up","Up",TRUE
"MXRA5",1.45708483333333,1.7017401329728,"Up","Up",TRUE
"MYADM",-1.30722416666667,-1.98912697048775,"Down","Down",TRUE
"MYCT1",-1.87116283333333,-2.26413331618305,"Down","Down",TRUE
"MYH10",-1.17191666666667,-1.5117030296906,"Down","Down",TRUE
"MYH11",-1.045572,-1.82567348029094,"Down","Down",TRUE
"MYL9",-1.2402975,-1.7251113526977,"Down","Down",TRUE
"MYOC",-1.06600733333333,-4.53421340500728,"Down","Down",TRUE
"MYRF",-1.560543,-1.63463966357045,"Down","Down",TRUE
"MYZAP",-2.30643966666667,-3.30043229079692,"Down","Down",TRUE
"NCAPG",1.2972615,3.20388012137165,"Up","Up",TRUE
"NCKAP5",-3.105129,-3.52532693753716,"Down","Down",TRUE
"NDC80",1.20513933333333,3.12583315079135,"Up","Up",TRUE
"NDNF",-1.21721016666667,-1.80828231150287,"Down","Down",TRUE
"NDRG2",-1.0708225,-1.50408050023053,"Down","Down",TRUE
"NDRG4",-1.41240216666667,-2.04448585988503,"Down","Down",TRUE
"NEBL",-1.96185116666667,-1.62135855617014,"Down","Down",TRUE
"NEDD9",-1.28730916666667,-1.59188522173408,"Down","Down",TRUE
"NEGR1",-1.2141455,-1.64992428625511,"Down","Down",TRUE
"NEK2",1.7631385,3.74046518634698,"Up","Up",TRUE
"NEK5",-1.01286416666667,-1.5402030934009,"Down","Down",TRUE
"NELL1",1.39942483333333,4.29278793794539,"Up","Up",TRUE
"NES",-1.2293765,-1.60022119014219,"Down","Down",TRUE
"NEXN",-1.34116616666667,-1.54516706170024,"Down","Down",TRUE
"NFASC",-1.457597,-1.32375740563463,"Down","Down",TRUE
"NFKBIZ",-1.23576233333333,-1.09213148444627,"Down","Down",TRUE
"NGEF",1.08215083333333,2.98821979303492,"Up","Up",TRUE
"NHS",1.893609,1.85232368076231,"Up","Up",TRUE
"NHSL1",-1.44031283333333,-1.7555949125804,"Down","Down",TRUE
"NICOL1",1.03017533333333,1.60031115823105,"Up","Up",TRUE
"NKD1",-1.15601666666667,-1.63688141054353,"Down","Down",TRUE
"NKG7",-1.86910983333333,-1.08872417376238,"Down","Down",TRUE
"NLN",1.278659,1.39904371203094,"Up","Up",TRUE
"NLRC4",-1.14894133333333,-2.07151492362202,"Down","Down",TRUE
"NME1",1.1476275,2.19793260840485,"Up","Up",TRUE
"NMU",1.53712266666667,4.58034399386385,"Up","Up",TRUE
"NOS1",-1.33639483333333,-1.77546680097258,"Down","Down",TRUE
"NOSTRIN",-1.80570633333333,-1.51194333396447,"Down","Down",TRUE
"NOTCH4",-1.11895966666667,-1.83855289436737,"Down","Down",TRUE
"NPNT",-1.6470845,-1.81492520906572,"Down","Down",TRUE
"NPR1",-1.13118083333333,-2.62683917775199,"Down","Down",TRUE
"NPR3",-1.15108383333333,-1.77242591501742,"Down","Down",TRUE
"NQO1",1.63798366666667,3.03376464365628,"Up","Up",TRUE
"NR4A1",-1.60477866666667,-1.78482719704157,"Down","Down",TRUE
"NR4A3",-1.818988,-2.27097989164374,"Down","Down",TRUE
"NRN1",-1.81757533333333,-1.67579936774456,"Down","Down",TRUE
"NT5E",1.24139933333333,1.92090722181493,"Up","Up",TRUE
"NTN4",-1.178951,-1.65471519104574,"Down","Down",TRUE
"NTNG1",-1.37876666666667,-1.88550026821901,"Down","Down",TRUE
"NTRK2",-1.13344516666667,-1.86637380010238,"Down","Down",TRUE
"NUF2",1.44242166666667,3.7068564287976,"Up","Up",TRUE
"NUP62CL",1.0956995,1.4509876848309,"Up","Up",TRUE
"NXF3",-1.03683283333333,-1.93613769271182,"Down","Down",TRUE
"OCIAD2",1.78812083333333,2.18043893547211,"Up","Up",TRUE
"OGN",-2.19401883333333,-2.15922085497018,"Down","Down",TRUE
"OLFML1",-1.3317745,-1.63994978814818,"Down","Down",TRUE
"OLR1",-1.455413,-2.54981097433118,"Down","Down",TRUE
"OMG",-1.68473566666667,-1.19587396406088,"Down","Down",TRUE
"ORC6",1.0083755,3.04958848666779,"Up","Up",TRUE
"OSCAR",-1.00912316666667,-2.22955524529427,"Down","Down",TRUE
"OTUD1",-1.2990245,-2.12051365182044,"Down","Down",TRUE
"OTULINL",-1.10802333333333,-1.18739234222484,"Down","Down",TRUE
"P2RY1",-1.51949266666667,-1.74282524422044,"Down","Down",TRUE
"P2RY14",-1.65885333333333,-1.45136354001064,"Down","Down",TRUE
"P3H2",-1.03625683333333,-1.9334159321421,"Down","Down",TRUE
"P3H4",1.03538833333333,2.06409659893259,"Up","Up",TRUE
"PADI4",-1.047698,-2.54907872730535,"Down","Down",TRUE
"PAFAH1B3",1.0771295,2.25558870646045,"Up","Up",TRUE
"PAICS",1.16780716666667,1.84990234646599,"Up","Up",TRUE
"PAK6",1.12438266666667,1.04777239153382,"Up","Up",TRUE
"PALM2AKAP2",-1.73913116666667,-2.5127080816876,"Down","Down",TRUE
"PALMD",-1.53681733333333,-2.04973769387732,"Down","Down",TRUE
"PAPSS2",-1.20755916666667,-1.47957261936869,"Down","Down",TRUE
"PAQR5",-1.08360283333333,-1.41809681137702,"Down","Down",TRUE
"PBK",1.35481933333333,3.37591148611965,"Up","Up",TRUE
"PCAT19",-1.98682666666667,-2.01946151543263,"Down","Down",TRUE
"PCAT6",1.0897555,2.71140878351688,"Up","Up",TRUE
"PCCA-DT",1.30913766666667,1.70018501102229,"Up","Up",TRUE
"PCDH17",-1.7489885,-1.69239566144474,"Down","Down",TRUE
"PCDH7",1.48046366666667,1.70378647667062,"Up","Up",TRUE
"PCDH9",-1.38954133333333,-1.82020630785648,"Down","Down",TRUE
"PCLAF",2.06764733333333,2.65012656827236,"Up","Up",TRUE
"PCOLCE2",-2.02239166666667,-2.33960870063922,"Down","Down",TRUE
"PCP4",1.31375366666667,5.21885024512272,"Up","Up",TRUE
"PCP4L1",1.12859616666667,1.4414896937995,"Up","Up",TRUE
"PCSK1N",1.43483533333333,2.30421182411381,"Up","Up",TRUE
"PCYOX1",-1.0374955,-1.13265394690776,"Down","Down",TRUE
"PDE1C",-1.26391966666667,-1.35764281124237,"Down","Down",TRUE
"PDE2A",-1.31166266666667,-1.77825904633059,"Down","Down",TRUE
"PDE5A",-1.687313,-1.58394774756642,"Down","Down",TRUE
"PDE8B",-1.2638975,-1.37399588671847,"Down","Down",TRUE
"PDIA4",1.08437316666667,1.75958151162991,"Up","Up",TRUE
"PDK1",1.0319205,1.71831981126823,"Up","Up",TRUE
"PDK4",-2.72905733333333,-2.40148188712194,"Down","Down",TRUE
"PDLIM2",-1.12966833333333,-1.98757969563013,"Down","Down",TRUE
"PDPN",-1.06944333333333,-1.3423536261828,"Down","Down",TRUE
"PDZD2",-1.92282,-2.24046556923884,"Down","Down",TRUE
"PEAK1",-1.06407633333333,-1.63746490502564,"Down","Down",TRUE
"PEAR1",-1.53081816666667,-2.02032474310094,"Down","Down",TRUE
"PEBP4",-2.27482816666667,-2.59019982912231,"Down","Down",TRUE
"PECAM1",-1.55655583333333,-2.32197130212773,"Down","Down",TRUE
"PGM2L1",1.49386533333333,1.88506105999638,"Up","Up",TRUE
"PGM5",-1.80288166666667,-1.86859195712808,"Down","Down",TRUE
"PHACTR1",-1.342703,-2.19352445873997,"Down","Down",TRUE
"PHACTR2",-1.172411,-1.45952270982072,"Down","Down",TRUE
"PHEX",-1.34992633333333,-1.29284441899409,"Down","Down",TRUE
"PHLDA2",1.366897,2.29127949729673,"Up","Up",TRUE
"PHLDB2",-1.495065,-1.39481137188986,"Down","Down",TRUE
"PID1",-1.291177,-1.95358167222074,"Down","Down",TRUE
"PILRA",-1.03621783333333,-1.52443348748554,"Down","Down",TRUE
"PIP5K1B",-2.13218,-2.24519704840006,"Down","Down",TRUE
"PKHD1L1",-1.17351883333333,-2.57183280644685,"Down","Down",TRUE
"PKIB",1.343561,2.0333833807483,"Up","Up",TRUE
"PKIG",-1.30423616666667,-1.14963400077387,"Down","Down",TRUE
"PKNOX2",-1.2342025,-2.44836165997658,"Down","Down",TRUE
"PLA1A",-1.10838466666667,-1.00736159481593,"Down","Down",TRUE
"PLA2G1B",-1.6093735,-2.20203954783842,"Down","Down",TRUE
"PLAC9",-2.06921466666667,-2.72051932040358,"Down","Down",TRUE
"PLAU",1.2572565,2.59843174905784,"Up","Up",TRUE
"PLCE1",-1.12046816666667,-1.38286228329548,"Down","Down",TRUE
"PLCL1",-1.2441455,-1.7505871751564,"Down","Down",TRUE
"PLCXD3",-1.32639033333333,-1.04560653173479,"Down","Down",TRUE
"PLEK2",1.112852,2.71859329791851,"Up","Up",TRUE
"PLEKHH2",-1.34764766666667,-1.29992269784156,"Down","Down",TRUE
"PLLP",-1.1061315,-1.51913252361919,"Down","Down",TRUE
"PLOD2",1.1612415,2.05524323151743,"Up","Up",TRUE
"PLPP2",1.90423883333333,2.41125356704713,"Up","Up",TRUE
"PLPP3",-1.19004483333333,-1.3977831025265,"Down","Down",TRUE
"PLPP4",1.153806,4.08351307883995,"Up","Up",TRUE
"PLPP5",1.04030433333333,1.12819157603002,"Up","Up",TRUE
"PMP22",-1.015833,-1.1835365678475,"Down","Down",TRUE
"PODXL",-1.06615116666667,-1.10146483107246,"Down","Down",TRUE
"POU2AF1",1.4150595,1.58015310141332,"Up","Up",TRUE
"PPARG",-1.07334466666667,-1.58893403604066,"Down","Down",TRUE
"PPARGC1B",-1.15966683333333,-1.40438776098836,"Down","Down",TRUE
"PPAT",1.0061235,1.92775989836621,"Up","Up",TRUE
"PPBP",-2.43367916666667,-2.05902771966581,"Down","Down",TRUE
"PPFIBP1",-1.015225,-1.11749026997406,"Down","Down",TRUE
"PPM1F",-1.09092066666667,-1.27767671671189,"Down","Down",TRUE
"PPP1R14A",-1.69711066666667,-1.95517410398599,"Down","Down",TRUE
"PPP1R15A",-1.56507433333333,-1.88325036299747,"Down","Down",TRUE
"PPP1R16B",-1.20590533333333,-1.17444919058948,"Down","Down",TRUE
"PRC1",1.35940383333333,1.82619831857778,"Up","Up",TRUE
"PRDM11",-1.0342915,-1.19831150332525,"Down","Down",TRUE
"PRDX4",1.036971,1.39035995430086,"Up","Up",TRUE
"PRELP",-1.16706033333333,-1.58102296285207,"Down","Down",TRUE
"PREX1",-1.00493483333333,-1.24281014349111,"Down","Down",TRUE
"PREX2",-1.402979,-1.8056001960653,"Down","Down",TRUE
"PRF1",-1.66125533333333,-1.29195704435018,"Down","Down",TRUE
"PRG4",-1.08526616666667,-3.10977979706707,"Down","Down",TRUE
"PRICKLE2",-1.10287666666667,-1.37485900644938,"Down","Down",TRUE
"PRKCE",-1.45293466666667,-1.86564387864323,"Down","Down",TRUE
"PRKCH",-1.05411983333333,-1.06697187864432,"Down","Down",TRUE
"PROK2",-1.98048466666667,-2.05395443311381,"Down","Down",TRUE
"PROM2",2.58946683333333,2.60129387218201,"Up","Up",TRUE
"PROS1",-1.2244725,-1.5201776946481,"Down","Down",TRUE
"PRR11",1.0716855,2.22519498687009,"Up","Up",TRUE
"PSAT1",2.29370283333333,3.48852540602578,"Up","Up",TRUE
"PSPH",1.3693015,1.22022489299903,"Up","Up",TRUE
"PSPHP1",1.120136,1.28927963223657,"Up","Up",TRUE
"PTGDS",-1.5002175,-1.49283845699788,"Down","Down",TRUE
"PTGER4",-1.37557083333333,-1.59118562151683,"Down","Down",TRUE
"PTGFRN",1.22616766666667,1.15381192787528,"Up","Up",TRUE
"PTGIS",-1.1475925,-1.26310882304579,"Down","Down",TRUE
"PTPN21",-1.88047383333333,-2.44912817575528,"Down","Down",TRUE
"PTPRB",-1.93427366666667,-2.55769547689294,"Down","Down",TRUE
"PTPRD",-1.04953916666667,-1.06486725724679,"Down","Down",TRUE
"PTPRM",-1.37832983333333,-1.40542754837328,"Down","Down",TRUE
"PTTG1",1.34985216666667,2.32784016946435,"Up","Up",TRUE
"PTX3",-1.697736,-2.07060082475336,"Down","Down",TRUE
"PVT1",1.05841033333333,3.00201235479135,"Up","Up",TRUE
"PYCR1",1.31495883333333,3.68518798194868,"Up","Up",TRUE
"QKI",-1.21880166666667,-1.33428133256857,"Down","Down",TRUE
"RAB11FIP1",-1.29035983333333,-1.46042379273716,"Down","Down",TRUE
"RADX",-1.0439145,-1.6796292825562,"Down","Down",TRUE
"RAI2",-1.4304875,-2.14096278979634,"Down","Down",TRUE
"RAMP2",-1.71267516666667,-2.872105902009,"Down","Down",TRUE
"RAMP3",-2.0076975,-3.23472238147623,"Down","Down",TRUE
"RAPGEF4",-1.7663605,-1.80479998712865,"Down","Down",TRUE
"RASIP1",-1.95229083333333,-2.32225491042925,"Down","Down",TRUE
"RASL12",-1.13247366666667,-1.60407400621952,"Down","Down",TRUE
"RASSF2",-1.16937983333333,-1.23248624338308,"Down","Down",TRUE
"RASSF8",-1.30421783333333,-1.28565971026197,"Down","Down",TRUE
"RBMS2",-1.08674333333333,-1.24678336388601,"Down","Down",TRUE
"RBMS3",-1.30770883333333,-1.51286096073056,"Down","Down",TRUE
"RBP4",-1.3056905,-2.01281798364329,"Down","Down",TRUE
"RCAN1",-1.042274,-1.81514856086534,"Down","Down",TRUE
"RCC1",1.23573083333333,1.74149556449201,"Up","Up",TRUE
"RECK",-1.538194,-1.56679577540485,"Down","Down",TRUE
"REEP1",-1.3480235,-1.65223786200629,"Down","Down",TRUE
"RERG",-1.11091516666667,-1.09730850654163,"Down","Down",TRUE
"RETREG1",-1.243764,-1.42052362730313,"Down","Down",TRUE
"RFLNB",-1.060183,-1.36209783930038,"Down","Down",TRUE
"RFX2",-1.12944133333333,-1.65558286696066,"Down","Down",TRUE
"RGCC",-2.05028133333333,-2.88432487760635,"Down","Down",TRUE
"RGS13",-1.36765916666667,-1.46387403585505,"Down","Down",TRUE
"RGS17",1.91448466666667,3.77228812427743,"Up","Up",TRUE
"RGS18",-1.26603016666667,-1.01691328124142,"Down","Down",TRUE
"RHBDL2",1.351942,2.68203845905638,"Up","Up",TRUE
"RHOJ",-1.16286983333333,-1.87510440078027,"Down","Down",TRUE
"RMI2",1.53165333333333,2.27122209266681,"Up","Up",TRUE
"RNF144B",-1.11008566666667,-1.68899713108244,"Down","Down",TRUE
"RNF157-AS1",1.03694,1.12664072685857,"Up","Up",TRUE
"RNF182",-1.587826,-2.041576456507,"Down","Down",TRUE
"ROBO2",-1.00269983333333,-1.56727778648365,"Down","Down",TRUE
"ROBO4",-2.39167416666667,-2.85690472323422,"Down","Down",TRUE
"ROPN1L",-1.15551166666667,-1.83586799933155,"Down","Down",TRUE
"ROR1",-1.06245433333333,-1.81044586027064,"Down","Down",TRUE
"RORA",-1.22307083333333,-1.01162013522029,"Down","Down",TRUE
"RRAS",-1.11441083333333,-1.35855278616755,"Down","Down",TRUE
"RRM2",1.94141316666667,3.19901015108687,"Up","Up",TRUE
"RSPO2",-1.0077215,-2.63128617599412,"Down","Down",TRUE
"RTKN2",-3.4138185,-4.06860135344098,"Down","Down",TRUE
"RTN1",-1.25783,-1.61087337457213,"Down","Down",TRUE
"RUNX1T1",-1.16595316666667,-1.24595663484512,"Down","Down",TRUE
"RUNX2",1.16279566666667,1.63492653433057,"Up","Up",TRUE
"RXFP1",-2.00599833333333,-3.08829268452422,"Down","Down",TRUE
"S100A12",-2.65071433333333,-1.99860925492859,"Down","Down",TRUE
"S100A2",1.69501733333333,3.38706066055764,"Up","Up",TRUE
"S100A3",-1.57092866666667,-2.36980026589412,"Down","Down",TRUE
"S100A4",-1.09138533333333,-1.08050898181342,"Down","Down",TRUE
"S100A9",-1.1159765,1.01766284885466,"Down","Up",FALSE
"S1PR1",-1.98711933333333,-2.85840349676814,"Down","Down",TRUE
"SAMD5",-1.04388016666667,-1.17961406945643,"Down","Down",TRUE
"SASH1",-1.61285783333333,-1.84907983858683,"Down","Down",TRUE
"SBK1",1.134469,2.53792893998831,"Up","Up",TRUE
"SBSPON",-1.40978016666667,-2.28431682726945,"Down","Down",TRUE
"SCAI",-1.44936666666667,-1.12017422470668,"Down","Down",TRUE
"SCARA5",-2.1549785,-2.33838528150806,"Down","Down",TRUE
"SCD5",-1.27146283333333,-1.59931756200675,"Down","Down",TRUE
"SCEL",-2.096562,-1.38064141184901,"Down","Down",TRUE
"SCG5",1.77327,2.84051547355159,"Up","Up",TRUE
"SCGB1A1",-3.38117033333333,-3.22988514304626,"Down","Down",TRUE
"SCN4B",-1.97844,-2.82257055308173,"Down","Down",TRUE
"SCN7A",-2.20976983333333,-2.3557608412368,"Down","Down",TRUE
"SCNN1G",-1.6363435,-1.05779888503751,"Down","Down",TRUE
"SECISBP2L",-1.0295765,-1.37438115097878,"Down","Down",TRUE
"SELE",-1.90201233333333,-2.95834260547164,"Down","Down",TRUE
"SELENOP",-1.04719116666667,-1.5613104726491,"Down","Down",TRUE
"SELP",-1.429909,-2.33436229978818,"Down","Down",TRUE
"SEMA3B",-1.12271583333333,-1.55129767541461,"Down","Down",TRUE
"SEMA3G",-1.8458365,-3.22939297655623,"Down","Down",TRUE
"SEMA5A",-1.43757066666667,-2.50807002225332,"Down","Down",TRUE
"SEMA6A",-1.61518283333333,-2.53897773710012,"Down","Down",TRUE
"SEMA6D",-1.733401,-2.05719226149523,"Down","Down",TRUE
"SERINC2",1.6963555,2.02637894882672,"Up","Up",TRUE
"SERPING1",-1.0628765,-1.41358061139566,"Down","Down",TRUE
"SERTM1",-2.7189875,-4.7979870747765,"Down","Down",TRUE
"SEZ6L2",1.5085185,1.70115957131424,"Up","Up",TRUE
"SFRP2",1.181326,1.26900241447156,"Up","Up",TRUE
"SFRP4",1.52915016666667,1.11108185285423,"Up","Up",TRUE
"SFTA1P",-1.66839033333333,-1.82309759101677,"Down","Down",TRUE
"SFTPA1",-3.19850516666667,-2.84003031140213,"Down","Down",TRUE
"SFTPA2",-1.967117,-2.68527373629115,"Down","Down",TRUE
"SFTPC",-3.26940933333333,-4.74114710325375,"Down","Down",TRUE
"SFTPD",-2.12855383333333,-2.2477791272663,"Down","Down",TRUE
"SFXN1",1.0395605,1.50931407288432,"Up","Up",TRUE
"SGCG",-2.08049316666667,-3.84487466114026,"Down","Down",TRUE
"SGPP2",1.38868966666667,1.38813101263442,"Up","Up",TRUE
"SH2D1B",-1.45432983333333,-1.80462320764868,"Down","Down",TRUE
"SH2D3C",-1.5508275,-2.30287619548488,"Down","Down",TRUE
"SH3BP5",-1.1656805,-1.40121475121049,"Down","Down",TRUE
"SH3GL2",-1.31932616666667,-2.22943026697514,"Down","Down",TRUE
"SH3GL3",-1.59067166666667,-4.24354413672001,"Down","Down",TRUE
"SHANK3",-1.599554,-1.44089990683163,"Down","Down",TRUE
"SHC3",-1.38715083333333,-1.83072616120754,"Down","Down",TRUE
"SHCBP1",1.15271383333333,2.28220836278655,"Up","Up",TRUE
"SHROOM4",-1.00133166666667,-1.73704254551822,"Down","Down",TRUE
"SIRPB1",-1.00869733333333,-2.79195120234276,"Down","Down",TRUE
"SIX1",2.0565145,2.36821493255103,"Up","Up",TRUE
"SIX4",1.24096433333333,1.92316812745474,"Up","Up",TRUE
"SLC14A1",-1.72437316666667,-2.83427655208448,"Down","Down",TRUE
"SLC16A6",-1.0444645,-1.23546547180771,"Down","Down",TRUE
"SLC16A7",1.0424235,1.14468088832274,"Up","Up",TRUE
"SLC19A3",-1.36382683333333,-2.91270453285654,"Down","Down",TRUE
"SLC1A1",-1.843824,-2.20158608912235,"Down","Down",TRUE
"SLC1A4",1.10777683333333,1.10243093669109,"Up","Up",TRUE
"SLC1A7",1.294235,3.00194113039383,"Up","Up",TRUE
"SLC22A18",1.45999233333333,1.38884919373691,"Up","Up",TRUE
"SLC22A4",-1.14830916666667,-1.20064805335065,"Down","Down",TRUE
"SLC2A1",1.457842,3.49899462595025,"Up","Up",TRUE
"SLC2A14",-1.23046266666667,1.13672653677565,"Down","Up",FALSE
"SLC2A3",-1.24409283333333,-1.08474026089186,"Down","Down",TRUE
"SLC2A5",1.35056933333333,2.40989009537747,"Up","Up",TRUE
"SLC35F2",1.05215916666667,1.85972706802169,"Up","Up",TRUE
"SLC39A11",1.056247,1.31734877959873,"Up","Up",TRUE
"SLC39A8",-1.456625,-2.50380190206701,"Down","Down",TRUE
"SLC44A5",1.45819983333333,2.48507966347572,"Up","Up",TRUE
"SLC46A2",-1.8709955,-1.95652632303095,"Down","Down",TRUE
"SLC50A1",1.12638516666667,1.75275878653289,"Up","Up",TRUE
"SLC5A3",1.059787,1.52591409698616,"Up","Up",TRUE
"SLC5A9",-1.34076783333333,-2.50956908337175,"Down","Down",TRUE
"SLC6A4",-3.59241616666667,-6.16447015089863,"Down","Down",TRUE
"SLC7A11",1.04467933333333,3.07327283186381,"Up","Up",TRUE
"SLCO2A1",-1.38810116666667,-1.80376461545972,"Down","Down",TRUE
"SLFN13",1.12266883333333,1.59079374766567,"Up","Up",TRUE
"SLIT2",-1.8371325,-2.47369665647964,"Down","Down",TRUE
"SLIT3",-1.16906566666667,-2.47945390270326,"Down","Down",TRUE
"SLPI",-1.14137816666667,-1.2947764273347,"Down","Down",TRUE
"SMAD6",-1.49061583333333,-2.56699841604252,"Down","Down",TRUE
"SMAD9",-1.63262683333333,-1.42836504334306,"Down","Down",TRUE
"SMIM22",1.01109766666667,1.94328051144643,"Up","Up",TRUE
"SMIM31",1.63421516666667,2.68628360548519,"Up","Up",TRUE
"SMPDL3B",1.28885783333333,1.8065781351724,"Up","Up",TRUE
"SNCA",-1.05709083333333,-1.59802234583266,"Down","Down",TRUE
"SNRK",-1.138397,-1.16963152027316,"Down","Down",TRUE
"SNTN",-2.16550033333333,-2.22414794265752,"Down","Down",TRUE
"SOCS2",-2.00870066666667,-1.96748030660191,"Down","Down",TRUE
"SOCS3",-1.7918255,-1.53400733598998,"Down","Down",TRUE
"SORBS1",-1.44886416666667,-1.57877181783305,"Down","Down",TRUE
"SORD",1.29109883333333,1.41658511567803,"Up","Up",TRUE
"SOSTDC1",-3.38619866666667,-3.74209305840592,"Down","Down",TRUE
"SOX17",-1.9091265,-2.71790872869307,"Down","Down",TRUE
"SOX2",1.24289466666667,1.59060348089033,"Up","Up",TRUE
"SOX4",1.182643,1.65793405430788,"Up","Up",TRUE
"SOX5",-1.04749616666667,-1.60178671948724,"Down","Down",TRUE
"SOX7",-2.74883233333333,-2.94961266685312,"Down","Down",TRUE
"SOX9",1.1404655,1.35475593632245,"Up","Up",TRUE
"SPAG4",1.5241265,2.89193446067649,"Up","Up",TRUE
"SPAG6",-1.08504316666667,-1.60258536122444,"Down","Down",TRUE
"SPARCL1",-1.27137416666667,-1.96828970718571,"Down","Down",TRUE
"SPDEF",1.0975255,3.24710500360483,"Up","Up",TRUE
"SPINK1",3.33911383333333,6.63881030838863,"Up","Up",TRUE
"SPINK5",1.1082155,1.41066763152511,"Up","Up",TRUE
"SPMIP6",-1.680454,-2.40235423255209,"Down","Down",TRUE
"SPOCK2",-2.47131366666667,-3.20800040358528,"Down","Down",TRUE
"SPP1",4.503354,4.79975547307236,"Up","Up",TRUE
"SPRYD7",-1.163497,-1.28700086296519,"Down","Down",TRUE
"SPTBN1",-2.5091,-1.74553064938013,"Down","Down",TRUE
"SPTBN2",1.3742525,2.5019574319539,"Up","Up",TRUE
"SRD5A1",1.85142733333333,1.55838982527851,"Up","Up",TRUE
"SRD5A3",1.36909583333333,1.5775120670558,"Up","Up",TRUE
"SRGAP3-AS2",-1.00633266666667,-2.24688946667101,"Down","Down",TRUE
"SRGN",-1.1984755,-1.07095996394626,"Down","Down",TRUE
"SRPX",-1.5872015,-1.79361163992452,"Down","Down",TRUE
"SRPX2",1.438183,1.98034456263404,"Up","Up",TRUE
"SSTR1",-1.759233,-2.22425762598649,"Down","Down",TRUE
"ST14",1.120218,1.46690068582477,"Up","Up",TRUE
"ST6GALNAC1",2.03561483333333,1.94808277560566,"Up","Up",TRUE
"ST6GALNAC3",-1.5581285,-1.9647720362459,"Down","Down",TRUE
"ST6GALNAC5",-1.9456845,-2.16836238811538,"Down","Down",TRUE
"STARD13",-1.34765233333333,-2.00857713292841,"Down","Down",TRUE
"STIL",1.2182895,2.56301766018207,"Up","Up",TRUE
"STK31",1.00294383333333,2.02529043390042,"Up","Up",TRUE
"STK39",1.37674283333333,1.52993997776404,"Up","Up",TRUE
"STON1",-1.08836433333333,-1.18129061207485,"Down","Down",TRUE
"STX11",-2.68905866666667,-3.06928632792916,"Down","Down",TRUE
"STXBP6",-2.13920816666667,-3.50219921456432,"Down","Down",TRUE
"STYK1",1.10842466666667,2.59591378284427,"Up","Up",TRUE
"SUGCT",1.39585566666667,1.99832575011082,"Up","Up",TRUE
"SULF1",2.13604933333333,2.55370289044702,"Up","Up",TRUE
"SULT1C2",1.40231933333333,1.69586460363362,"Up","Up",TRUE
"SUSD2",-1.38262683333333,-2.06166270046623,"Down","Down",TRUE
"SUSD4",1.1640625,1.22470447101962,"Up","Up",TRUE
"SVEP1",-1.49908816666667,-2.07153950414488,"Down","Down",TRUE
"SYNC",-1.02972816666667,-1.84976448585279,"Down","Down",TRUE
"SYNE1",-1.48435383333333,-1.12605931537018,"Down","Down",TRUE
"SYNE3",-1.4152995,-1.70875453141492,"Down","Down",TRUE
"SYNM",-1.73798233333333,-1.82311863644448,"Down","Down",TRUE
"SYNPO2",-1.54818866666667,-1.79383080137267,"Down","Down",TRUE
"TACC1",-1.11242666666667,-1.82942324790169,"Down","Down",TRUE
"TAL1",-2.21433666666667,-2.79465572358595,"Down","Down",TRUE
"TBX2",-1.24085216666667,-1.91231191446589,"Down","Down",TRUE
"TBX2-AS1",-1.8291145,-2.04160257411234,"Down","Down",TRUE
"TBX3",-1.03529533333333,-2.10378800030068,"Down","Down",TRUE
"TBX5",-1.02953833333333,-1.49825611492081,"Down","Down",TRUE
"TBX5-AS1",-1.31791983333333,-1.79372727194735,"Down","Down",TRUE
"TCEAL2",-1.87002833333333,-2.51896481392052,"Down","Down",TRUE
"TCEAL7",-1.1838325,-1.24262291596654,"Down","Down",TRUE
"TCF21",-2.62291733333333,-3.10564495204543,"Down","Down",TRUE
"TCN1",1.60116483333333,6.71281631569993,"Up","Up",TRUE
"TDO2",1.09572783333333,1.63522426880232,"Up","Up",TRUE
"TDRKH",1.17846816666667,1.37821779131509,"Up","Up",TRUE
"TEK",-2.6043515,-3.25532776101623,"Down","Down",TRUE
"TENM4",1.0191605,1.79494297729768,"Up","Up",TRUE
"TENT5B",-1.73376366666667,-2.81160459657772,"Down","Down",TRUE
"TESC",1.11580616666667,3.57538573757417,"Up","Up",TRUE
"TFAP2A",1.77507583333333,3.73952818642529,"Up","Up",TRUE
"TFF1",1.01691583333333,8.11415869411376,"Up","Up",TRUE
"TGFBR2",-1.10435683333333,-1.66497903380989,"Down","Down",TRUE
"TGFBR3",-2.11426616666667,-2.55457379825105,"Down","Down",TRUE
"THBD",-1.96009333333333,-2.44833040357643,"Down","Down",TRUE
"THBS2",2.13052716666667,2.95176587510084,"Up","Up",TRUE
"THSD1",-1.05377133333333,-2.23869219276779,"Down","Down",TRUE
"THY1",1.27647166666667,1.28120397150024,"Up","Up",TRUE
"TIE1",-1.82840783333333,-1.98240890690538,"Down","Down",TRUE
"TIMP3",-1.085878,-1.96567413303072,"Down","Down",TRUE
"TINCR",-1.37215483333333,-1.95689104280515,"Down","Down",TRUE
"TK1",1.14216383333333,2.63377980489887,"Up","Up",TRUE
"TLCD1",1.196156,1.74540461644845,"Up","Up",TRUE
"TLR4",-1.383855,-1.58919130408621,"Down","Down",TRUE
"TLR8",-1.42293883333333,-1.77601579407179,"Down","Down",TRUE
"TM4SF4",1.51747216666667,4.55855129391948,"Up","Up",TRUE
"TM6SF1",-1.01737266666667,-1.34902474540045,"Down","Down",TRUE
"TMED3",1.0615035,1.18377565567099,"Up","Up",TRUE
"TMEM100",-3.56547366666667,-4.36081439238801,"Down","Down",TRUE
"TMEM139",-1.10620316666667,-1.91657256963618,"Down","Down",TRUE
"TMEM177",1.06768583333333,1.56936838841971,"Up","Up",TRUE
"TMEM178A",-1.87110833333333,-1.20947015673957,"Down","Down",TRUE
"TMEM204",-1.3063285,-1.91899118540859,"Down","Down",TRUE
"TMEM45B",1.19652016666667,1.79355911519723,"Up","Up",TRUE
"TMEM47",-1.46029533333333,-1.73104075976179,"Down","Down",TRUE
"TMEM88",-1.0716815,-2.15284633882069,"Down","Down",TRUE
"TMOD1",-1.0521645,-1.75853253459201,"Down","Down",TRUE
"TMPRSS11E",1.03747266666667,6.7111988425256,"Up","Up",TRUE
"TMPRSS4",2.319594,4.81409126992272,"Up","Up",TRUE
"TMSB15A",-1.64282466666667,-1.65808184943344,"Down","Down",TRUE
"TMT1A",-1.21215183333333,-1.89541371814095,"Down","Down",TRUE
"TMT1B",1.56484116666667,2.57714141996189,"Up","Up",TRUE
"TMTC1",-1.68684233333333,-1.06261443394141,"Down","Down",TRUE
"TNC",1.19996816666667,1.57718086554394,"Up","Up",TRUE
"TNFAIP3",-1.3036215,-1.14191816551137,"Down","Down",TRUE
"TNNC1",-3.11718933333333,-3.58197345904543,"Down","Down",TRUE
"TNS1",-1.47284333333333,-2.17784330902999,"Down","Down",TRUE
"TNXB",-1.46719383333333,-2.71412353558729,"Down","Down",TRUE
"TOP2A",2.63876216666667,3.86345710484015,"Up","Up",TRUE
"TOP6BL",1.20103683333333,1.41954464838303,"Up","Up",TRUE
"TOX2",-1.75804766666667,-1.57052720039503,"Down","Down",TRUE
"TOX3",3.1959625,2.80829142850937,"Up","Up",TRUE
"TPBG",1.2882025,1.75246363967921,"Up","Up",TRUE
"TPPP",-1.29180533333333,-1.68026961912506,"Down","Down",TRUE
"TPPP3",-1.31161016666667,-2.21207510492248,"Down","Down",TRUE
"TPSAB1",-1.106507,-1.76471996790405,"Down","Down",TRUE
"TPSB2",-1.06046433333333,-1.86409665080498,"Down","Down",TRUE
"TPX2",1.53913066666667,3.63317727193307,"Up","Up",TRUE
"TRGC2",-1.20987616666667,-1.22379777088113,"Down","Down",TRUE
"TRHDE",-1.58252366666667,-2.64175606787435,"Down","Down",TRUE
"TRIM2",1.45846983333333,1.42825684127738,"Up","Up",TRUE
"TRIM59",1.1523335,1.53156398760592,"Up","Up",TRUE
"TSPAN12",-1.3295945,-1.30348863860137,"Down","Down",TRUE
"TSPAN18",-1.36120783333333,-2.02444390261236,"Down","Down",TRUE
"TSPAN6",1.215225,1.10454489607299,"Up","Up",TRUE
"TSPAN7",-1.94342166666667,-1.71851724040159,"Down","Down",TRUE
"TTC28",-1.03463533333333,-1.25281140386199,"Down","Down",TRUE
"TTK",1.665107,3.29408614129492,"Up","Up",TRUE
"TTLL7",-1.08818866666667,-1.50447892390143,"Down","Down",TRUE
"TUBB1",-1.296788,-2.65252686031141,"Down","Down",TRUE
"TUBB2B",1.00821166666667,4.00269393163348,"Up","Up",TRUE
"TUBB6",-1.18974616666667,-1.31316421562337,"Down","Down",TRUE
"TXNDC17",1.164886,1.62741478296302,"Up","Up",TRUE
"TYMS",1.534709,1.35950764625188,"Up","Up",TRUE
"UACA",-1.42515333333333,-1.01780338723663,"Down","Down",TRUE
"UBE2C",1.5162875,4.17772147532491,"Up","Up",TRUE
"UBE2T",1.7482925,3.31276589974117,"Up","Up",TRUE
"UGT2B15",1.35424083333333,4.86057325009699,"Up","Up",TRUE
"UGT8",1.77256433333333,2.1688447182102,"Up","Up",TRUE
"UHRF1",1.87243116666667,3.34709032449947,"Up","Up",TRUE
"UNC5CL",1.4458695,3.07095508320384,"Up","Up",TRUE
"UPK3B",-2.77834433333333,-4.16318113372175,"Down","Down",TRUE
"UQCC2",1.22481233333333,1.49298641273954,"Up","Up",TRUE
"VCAN",1.09343666666667,1.77485332876256,"Up","Up",TRUE
"VEGFD",-2.8550515,-3.59189033798371,"Down","Down",TRUE
"VEPH1",-1.94860366666667,-2.61058067845374,"Down","Down",TRUE
"VGLL3",-1.9349775,-1.2154128499772,"Down","Down",TRUE
"VIPR1",-1.89739266666667,-3.21862894576624,"Down","Down",TRUE
"VMP1",1.181906,1.35644051980286,"Up","Up",TRUE
"VSIG1",1.4881455,3.87315712295089,"Up","Up",TRUE
"VSIG4",-1.16576316666667,-2.39124885445468,"Down","Down",TRUE
"VSIR",-1.17950866666667,-1.60732544298621,"Down","Down",TRUE
"VWA3B",-1.06962616666667,-1.83644047481902,"Down","Down",TRUE
"VWF",-1.8075725,-2.32297767205364,"Down","Down",TRUE
"WASF3",-1.552674,-1.87339341942664,"Down","Down",TRUE
"WASIR2",1.232063,3.45473538946126,"Up","Up",TRUE
"WDR72",1.15895716666667,2.56315323227295,"Up","Up",TRUE
"WFDC2",1.5864155,1.73401811710018,"Up","Up",TRUE
"WFS1",-1.094297,-1.75545485194837,"Down","Down",TRUE
"WIF1",-3.77360266666667,-2.3052238030345,"Down","Down",TRUE
"WNT2B",-1.06031966666667,-1.18519974851256,"Down","Down",TRUE
"WWC2",-1.91168483333333,-2.35907987176955,"Down","Down",TRUE
"XAGE1B",1.63297216666667,4.29397326753596,"Up","Up",TRUE
"XDH",2.2718295,4.06644214379354,"Up","Up",TRUE
"XPR1",1.26352666666667,1.89889704132729,"Up","Up",TRUE
"ZBBX",-1.18709483333333,-1.63285520685509,"Down","Down",TRUE
"ZBED2",-2.34004133333333,-2.37256469495239,"Down","Down",TRUE
"ZBTB16",-2.16964933333333,-2.38013719682422,"Down","Down",TRUE
"ZEB1",-1.404202,-1.33149158471845,"Down","Down",TRUE
"ZEB2",-1.29174466666667,-1.30621793040782,"Down","Down",TRUE
"ZFP36",-1.4241005,-1.8394213285751,"Down","Down",TRUE
"ZNF331",-1.66242,-1.20531290467047,"Down","Down",TRUE
"ZNF366",-1.52631466666667,-1.9600414417344,"Down","Down",TRUE
"ZNF385B",-1.4799875,-1.71929496526618,"Down","Down",TRUE
"ZNF423",-1.23536733333333,-1.81551731068975,"Down","Down",TRUE
"ZNF750",1.22366966666667,1.07803262249022,"Up","Up",TRUE
"ZWINT",1.7740215,2.59732437784021,"Up","Up",TRUE
