"Gene","HR","P_value","FDR"
"KRT6A",1.142,0,0
"ANLN",1.302,0,0
"CLIC6",0.851,2e-05,0.00475
"HMGA2",1.288,3e-05,0.00475
"DLGAP5",1.283,3e-05,0.00475
"HMMR",1.329,4e-05,0.00475
"CCNA2",1.268,4e-05,0.00475
"FAM83A",1.168,4e-05,0.00475
"PCDH7",1.3,5e-05,0.00475
"RRM2",1.273,5e-05,0.00475
"ERO1A",1.31,5e-05,0.00475
"ECT2",1.295,1e-04,0.0077
"DEPDC1B",1.344,0.00011,0.0077
"TPX2",1.195,0.00012,0.0077
"KIF14",1.375,0.00012,0.0077
"KIF20A",1.292,0.00013,0.0077
"KIF4A",1.262,0.00014,0.0077
"SHCBP1",1.412,0.00014,0.0077
"PLEK2",1.256,0.00014,0.0077
"CYP4B1",0.893,0.00017,0.0088825
"NCAPG",1.283,0.00022,0.010925
"MKI67",1.242,0.00023,0.010925
"NGEF",1.269,0.00026,0.011286
"FOXM1",1.222,0.00026,0.011286
"CCNB1",1.225,0.00027,0.011286
"PRR11",1.317,3e-04,0.0119981481481481
"CHEK1",1.299,0.00031,0.0119981481481481
"GTSE1",1.292,0.00035,0.0129724137931034
"BTG2",0.811,0.00036,0.0129724137931034
"TK1",1.208,4e-04,0.0138209677419355
"NEK2",1.226,0.00041,0.0138209677419355
"CDK1",1.226,0.00044,0.01436875
"NDC80",1.25,0.00053,0.0167833333333333
"ASPM",1.273,0.00058,0.0178264705882353
"CENPU",1.272,0.00063,0.01881
"AKAP12",1.188,0.00067,0.0194486111111111
"KNL1",1.417,0.00072,0.0203351351351351
"PTTG1",1.23,0.00076,0.0209
"CBFA2T3",0.655,0.00079,0.0211679487179487
"CACNA2D2",0.875,0.00082,0.021397619047619
"DEPDC1",1.293,0.00086,0.021397619047619
"CEP55",1.209,0.00086,0.021397619047619
"KIF11",1.25,0.00094,0.0228441860465116
"UHRF1",1.274,0.00098,0.023275
"MAD2L1",1.254,0.00104,0.0241511111111111
"LIFR",0.799,0.00111,0.0249021276595745
"ZNF750",0.823,0.00112,0.0249021276595745
"ADGRD1",0.794,0.00124,0.0264448979591837
"FANCI",1.351,0.00124,0.0264448979591837
"BUB1B",1.248,0.00141,0.029469
"TYMS",1.362,0.00144,0.0295058823529412
"ACAD8",0.76,0.00147,0.0295413461538462
"WFDC2",0.881,0.00154,0.0303641509433962
"GPR37",1.268,0.0016,0.0306293103448276
"F2RL1",1.217,0.00163,0.0306293103448276
"TCN1",1.096,0.00165,0.0306293103448276
"FYB2",0.694,0.0017,0.0306293103448276
"FEN1",1.285,0.0017,0.0306293103448276
"BIRC5",1.167,0.00176,0.0308275
"CX3CR1",0.758,0.00177,0.0308275
"CENPF",1.204,0.00182,0.0311786885245902
"ABCA3",0.881,0.00192,0.0323612903225806
"PCLAF",1.303,0.0021,0.0347835714285714
"IGF2BP3",1.206,0.00216,0.0347835714285714
"CENPA",1.204,0.0022,0.0347835714285714
"BUB1",1.222,0.00225,0.0347835714285714
"SELENOP",0.82,0.00225,0.0347835714285714
"MCM4",1.217,0.00228,0.0347835714285714
"CHRDL1",0.861,0.00232,0.0347835714285714
"DAPK2",0.744,0.00233,0.0347835714285714
"CENPK",1.324,0.00245,0.0360598591549296
"SMAD9",0.754,0.00254,0.0365034246575342
"ARRB1",0.769,0.00255,0.0365034246575342
"NUP62CL",1.328,0.00261,0.0368574324324324
"MELK",1.182,0.00276,0.038456
"KIF2C",1.181,0.00284,0.03905
"DPYSL2",0.82,0.00297,0.0403071428571429
"NKD1",0.726,0.00305,0.0408621794871795
"CBX7",0.759,0.0031,0.041006329113924
"FMO3",0.791,0.00317,0.0411628048780488
"CRTAC1",0.884,0.00322,0.0411628048780488
"CDC20",1.143,0.00323,0.0411628048780488
"PKIB",1.185,0.00337,0.0424295180722892
"SFTPD",0.916,0.00343,0.0426708333333333
"TFAP2A",1.212,0.00397,0.0488076470588235
"PLOD2",1.162,0.00412,0.0500627906976744
"STYK1",1.244,0.00437,0.0512164835164835
"CDCA3",1.235,0.00438,0.0512164835164835
"HLF",0.839,0.00444,0.0512164835164835
"GJB2",1.112,0.00445,0.0512164835164835
"CDC6",1.193,0.00446,0.0512164835164835
"MAOB",0.843,0.00458,0.0520228260869565
"SIX1",0.852,0.00471,0.05258
"SUSD2",0.912,0.00475,0.05258
"TMPRSS11E",1.114,0.00478,0.05258
"TUBB6",1.221,0.00493,0.0536651041666667
"CLDN2",0.898,0.00521,0.0561283505154639
"TM6SF1",0.693,0.00581,0.0619535714285714
"SH3BP5",0.746,0.00592,0.0624888888888889
"UBE2C",1.114,0.00619,0.0646855
"ZWINT",1.171,0.00632,0.065390099009901
"GLB1L3",0.855,0.00662,0.0678225490196078
"PAICS",1.257,0.00678,0.0678752380952381
"ITGAL",0.805,0.00679,0.0678752380952381
"HOXA10",1.272,0.00682,0.0678752380952381
"TOP2A",1.133,0.00706,0.0696009433962264
"DNAH12",0.659,0.0074,0.0718921296296296
"CCDC69",0.823,0.00743,0.0718921296296296
"COL4A3",0.831,0.00811,0.0777518348623853
"MS4A2",0.79,0.00835,0.079325
"DNAJB4",1.231,0.00865,0.0814346846846847
"TPPP",0.846,0.00894,0.0834133928571429
"RGS13",0.518,0.00917,0.0848022123893805
"IQGAP3",1.177,0.00946,0.0867166666666667
"ADGRB3",0.507,0.00961,0.0867530172413793
"GPX8",1.203,0.00963,0.0867530172413793
"BZW2",1.272,0.00987,0.0873445833333334
"HABP2",0.884,0.00993,0.0873445833333334
"NDRG2",0.826,0.01002,0.0873445833333334
"SCN4B",0.808,0.01003,0.0873445833333334
"LSAMP",0.771,0.01074,0.0922658536585366
"CDHR3",0.837,0.01078,0.0922658536585366
"SYNE1",0.791,0.01086,0.0922658536585366
"ANOS1",0.871,0.01105,0.0930468
"PEBP4",0.922,0.01113,0.0930468
"MICU3",0.667,0.01125,0.0933035714285714
"MMP1",1.081,0.01143,0.09356015625
"CPED1",0.798,0.01146,0.09356015625
"EGLN3",1.121,0.01209,0.0970812977099237
"BRIP1",1.376,0.01211,0.0970812977099237
"TTK",1.194,0.01217,0.0970812977099237
"VWA3B",0.748,0.01247,0.0985285714285714
"MCM2",1.179,0.01254,0.0985285714285714
"CD207",0.894,0.0131,0.100811764705882
"VEGFD",0.886,0.01311,0.100811764705882
"SNTN",0.833,0.01312,0.100811764705882
"COL6A5",0.714,0.01357,0.10321268115942
"KIF15",1.25,0.01363,0.10321268115942
"ANKRD29",0.86,0.01378,0.103314184397163
"ADAM12",1.164,0.01393,0.103314184397163
"ENO1",1.261,0.01394,0.103314184397163
"PRC1",8.408,0.01405,0.103396126760563
"P2RY14",0.762,0.01431,0.104354861111111
"LAD1",1.172,0.01438,0.104354861111111
"FAM216B",0.869,0.01481,0.106734137931034
"RASSF2",0.834,0.01512,0.107077666666667
"CLEC3B",0.893,0.01525,0.107077666666667
"PPP1R16B",0.826,0.01527,0.107077666666667
"SCN7A",0.846,0.01536,0.107077666666667
"TSPAN7",0.888,0.01537,0.107077666666667
"C1orf21",0.818,0.01569,0.108583112582781
"HACD1",1.245,0.01617,0.108837735849057
"ENPP3",0.864,0.01619,0.108837735849057
"KRT80",1.143,0.01626,0.108837735849057
"GDF15",0.9,0.01632,0.108837735849057
"HOXB7",1.129,0.0164,0.108837735849057
"CPA3",0.904,0.01642,0.108837735849057
"NUF2",1.153,0.01653,0.108837735849057
"ROBO2",0.713,0.01656,0.108837735849057
"DPY19L1",1.19,0.01677,0.1095290625
"LPL",0.908,0.01689,0.109627639751553
"GIMAP5",0.573,0.01735,0.111918209876543
"ITGA8",0.845,0.01761,0.112898466257669
"POU2AF1",0.86,0.01775,0.112935542168675
"CAT",0.835,0.01788,0.112935542168675
"DPEP2",0.789,0.01794,0.112935542168675
"CGNL1",0.847,0.01808,0.113135329341317
"GLB1L2",0.857,0.01845,0.113238888888889
"FERMT1",1.156,0.01849,0.113238888888889
"NDNF",0.909,0.01851,0.113238888888889
"SLC7A11",1.124,0.01853,0.113238888888889
"ERICH3",0.783,0.01873,0.113795639534884
"PRELP",0.886,0.01888,0.114043930635838
"RORA",0.744,0.01926,0.115547142857143
"HSD17B6",0.904,0.01935,0.115547142857143
"DNASE1L3",0.839,0.01991,0.118215625
"MFAP4",0.912,0.02061,0.121680508474576
"MAL",0.858,0.02079,0.122053651685393
"VCAN",1.121,0.02107,0.123006424581006
"UBE2T",1.136,0.02134,0.123890555555556
"PLA2G1B",0.914,0.02164,0.124938121546961
"KL",0.798,0.02196,0.125116032608696
"SHC3",0.791,0.02197,0.125116032608696
"NLN",1.322,0.02203,0.125116032608696
"GPR65",0.761,0.02216,0.125174054054054
"TPBG",1.175,0.02269,0.12747876344086
"PRICKLE2",0.72,0.02294,0.128194117647059
"GINS2",1.169,0.02337,0.1283390625
"CD69",0.858,0.02341,0.1283390625
"KCNK5",0.879,0.02349,0.1283390625
"MS4A15",0.922,0.02356,0.1283390625
"CCL14",0.426,0.02358,0.1283390625
"SFTPC",0.963,0.02405,0.130218911917098
"NT5E",1.112,0.02424,0.130571134020619
"FCGBP",0.892,0.02502,0.133770663265306
"CYRIA",0.821,0.02509,0.133770663265306
"GRAMD2A",0.861,0.02534,0.134064572864322
"GATA2",0.835,0.02543,0.134064572864322
"RTN1",0.792,0.02553,0.134064572864322
"GPR87",1.677,0.02592,0.134918811881188
"DLC1",0.882,0.02604,0.134918811881188
"GPX3",0.891,0.02608,0.134918811881188
"MS4A7",0.876,0.0263,0.135386699507389
"SCGB1A1",0.953,0.02658,0.13605193236715
"VIPR1",0.861,0.0267,0.13605193236715
"CCDC34",1.21,0.02686,0.13605193236715
"B3GALNT1",1.23,0.02695,0.13605193236715
"TNS1",0.876,0.02725,0.136244339622642
"SFXN1",1.267,0.02745,0.136244339622642
"ADAMTS8",0.874,0.02753,0.136244339622642
"ACSS3",0.748,0.02762,0.136244339622642
"ABHD6",0.755,0.02764,0.136244339622642
"CADM1",0.886,0.02795,0.13712558685446
"PLA1A",0.868,0.0284,0.138085813953488
"ERG",0.82,0.02841,0.138085813953488
"PPAT",1.227,0.02934,0.141945833333333
"OMG",0.838,0.02963,0.142081651376147
"GFRA3",0.917,0.02964,0.142081651376147
"KCNN4",1.098,0.03029,0.144534474885845
"ECRG4",0.868,0.03109,0.1476775
"ANP32E",1.169,0.03252,0.151247566371681
"ANXA8",1.196,0.03254,0.151247566371681
"LGR4",1.144,0.03262,0.151247566371681
"ABI3BP",0.871,0.03269,0.151247566371681
"CHST9",0.798,0.03269,0.151247566371681
"PHLDB2",1.181,0.03271,0.151247566371681
"HSPB8",0.874,0.03329,0.152625
"AK4",1.143,0.0333,0.152625
"CAV2",1.116,0.03352,0.152962445414847
"IL7R",0.894,0.03394,0.154205652173913
"CAMK2N1",1.115,0.03511,0.158191379310345
"SLIT3",0.865,0.03512,0.158191379310345
"AFF3",0.795,0.03537,0.158633690987124
"AQP4",0.935,0.0357,0.159406779661017
"ADH1B",0.917,0.03585,0.159406779661017
"INMT",0.915,0.036,0.159406779661017
"C7",0.919,0.03665,0.161600210970464
"GPC3",0.911,0.03754,0.164532845188284
"RAI2",0.859,0.03763,0.164532845188284
"CD1A",0.906,0.03803,0.165588958333333
"STIL",1.217,0.03881,0.16815
"FMO2",0.9,0.03894,0.16815
"DEPDC7",1.211,0.03923,0.168705144032922
"DYNLRB2",0.84,0.0408,0.174737704918033
"PHLDA2",1.108,0.04142,0.176668979591837
"HOATZ",0.809,0.04159,0.176672967479675
"HMGCLL1",0.642,0.04177,0.176719230769231
"GOLM1",1.13,0.04204,0.17714435483871
"LIMCH1",0.872,0.04245,0.17789880952381
"COL5A2",1.105,0.04256,0.17789880952381
"CFAP43",0.835,0.04276,0.17789880952381
"NEGR1",0.721,0.0429,0.17789880952381
"GINS1",1.147,0.04438,0.183308695652174
"OTULINL",0.883,0.04463,0.183615551181102
"PLEKHH2",0.846,0.04502,0.184493725490196
"AKAP14",0.828,0.04571,0.1865896484375
"ZBBX",0.806,0.04614,0.186653076923077
"PTGDS",0.783,0.04638,0.186653076923077
"CDH19",1.538,0.04644,0.186653076923077
"MFNG",0.842,0.04644,0.186653076923077
"SCAI",0.735,0.04662,0.186658620689655
"COL5A1",1.105,0.04717,0.188139885496183
"BTNL9",0.876,0.04752,0.188815209125475
"WIF1",0.944,0.04857,0.191285501858736
"GRIA1",0.798,0.04894,0.191285501858736
"ABCA8",0.848,0.04914,0.191285501858736
"COBL",1.18,0.04917,0.191285501858736
"NFKBIZ",0.887,0.0492,0.191285501858736
"COL1A1",1.077,0.04924,0.191285501858736
"CA3",0.847,0.04965,0.192163888888889
"WASF3",0.794,0.04992,0.192441360294118
"DIXDC1",0.783,0.05009,0.192441360294118
"PTX3",1.146,0.0504,0.192513898916967
"CX3CL1",0.913,0.05071,0.192513898916967
"DOCK4",0.829,0.05084,0.192513898916967
"AGER",0.95,0.05101,0.192513898916967
"MAP3K8",0.827,0.05103,0.192513898916967
"FAM167A",0.885,0.05128,0.192761151079137
"OGN",0.878,0.05147,0.192781899641577
"CAPSL",0.895,0.0519,0.193698214285714
"TFF1",1.045,0.0524,0.194868327402135
"GIMAP7",0.881,0.05291,0.19606719858156
"MAMDC2",0.895,0.05312,0.196149823321555
"KCNK3",0.891,0.05346,0.19643852739726
"COL1A2",1.096,0.054,0.19643852739726
"SBK1",0.894,0.05416,0.19643852739726
"INAVA",1.147,0.05421,0.19643852739726
"GREM1",1.099,0.05456,0.19643852739726
"ADAMTS15",1.203,0.05471,0.19643852739726
"COL6A6",0.855,0.05485,0.19643852739726
"ABCA6",0.725,0.05486,0.19643852739726
"PSPH",1.164,0.05489,0.19643852739726
"CATSPERD",0.74,0.05649,0.200923389830508
"SPARCL1",0.899,0.05663,0.200923389830508
"PGM5",0.848,0.05672,0.200923389830508
"CDO1",0.847,0.05762,0.202582718120805
"ATP1A2",0.77,0.05773,0.202582718120805
"MORN5",0.889,0.05777,0.202582718120805
"GMFG",0.874,0.05808,0.202988628762542
"PAQR5",1.179,0.0586,0.203465625
"KCNJ15",0.906,0.05861,0.203465625
"IL17D",0.677,0.05896,0.203465625
"MSX1",1.275,0.05902,0.203465625
"IL33",0.908,0.05919,0.203465625
"IGSF10",0.831,0.05943,0.203588996763754
"DPP4",0.91,0.0597,0.203588996763754
"ADRB2",0.896,0.06,0.203588996763754
"FA2H",1.101,0.0601,0.203588996763754
"MNDA",0.895,0.0602,0.203588996763754
"JAM2",0.853,0.06085,0.205123387096774
"C15orf48",1.082,0.06118,0.205572668810289
"NCKAP5",0.861,0.06164,0.206454487179487
"PHACTR1",0.782,0.0625,0.208334394904459
"CHI3L2",0.905,0.0626,0.208334394904459
"ZNF366",0.689,0.06297,0.208900476190476
"LAMP3",0.926,0.06384,0.211116455696202
"ARC",0.829,0.06407,0.211208675078864
"PPARG",1.125,0.06447,0.211260344827586
"CT83",1.065,0.06449,0.211260344827586
"CEMIP",1.09,0.06479,0.211376479750779
"GIMAP6",0.879,0.06493,0.211376479750779
"FRMD5",1.219,0.06589,0.213160648148148
"THSD1",0.825,0.066,0.213160648148148
"NEK5",0.776,0.06609,0.213160648148148
"E2F8",1.172,0.06721,0.21506163141994
"NMU",1.084,0.06761,0.21506163141994
"LRRC46",0.884,0.06779,0.21506163141994
"PAPSS2",0.891,0.06787,0.21506163141994
"GIMAP1",0.825,0.06792,0.21506163141994
"ABCA9",0.709,0.06812,0.21506163141994
"RAPGEF4",0.785,0.06812,0.21506163141994
"NES",1.124,0.06854,0.215182132132132
"SUSD4",0.876,0.06857,0.215182132132132
"GIMAP8",0.882,0.0689,0.215570359281437
"SORD",1.266,0.06966,0.216930803571429
"SOX9",1.094,0.06975,0.216930803571429
"NFASC",0.74,0.0701,0.217372403560831
"SELP",0.881,0.07043,0.217749556213018
"MEIS1",0.787,0.07089,0.218525221238938
"MMRN1",0.88,0.07187,0.220894558823529
"ART4",0.728,0.0721,0.220951612903226
"TPSB2",0.925,0.07455,0.227554081632653
"DUOX1",0.917,0.07469,0.227554081632653
"PTGFRN",1.17,0.07492,0.227591279069767
"NEDD9",0.896,0.07561,0.229021594202899
"CLEC12A",0.86,0.0765,0.231047687861272
"ACKR1",0.921,0.0778,0.233683620689655
"SYNE3",0.765,0.07782,0.233683620689655
"GDF10",0.894,0.07835,0.23460100286533
"SASH1",0.851,0.07878,0.235214571428571
"TLCD1",1.135,0.07924,0.23591396011396
"PREX2",0.82,0.08,0.236886402266289
"TRIM2",0.873,0.08002,0.236886402266289
"ARHGEF19",0.879,0.08057,0.237347464788732
"ABCA12",1.14,0.08063,0.237347464788732
"SOX2",0.931,0.08089,0.237443960674157
"NXF3",0.805,0.08156,0.238434166666667
"ITPRIP",1.162,0.08197,0.238434166666667
"IGHM",0.95,0.0821,0.238434166666667
"GPIHBP1",0.914,0.08214,0.238434166666667
"DSP",1.082,0.08267,0.239307894736842
"FHL1",0.923,0.08423,0.243150138121547
"PRKCE",0.821,0.08625,0.24638651226158
"ORC6",1.156,0.08642,0.24638651226158
"TPSAB1",0.921,0.08642,0.24638651226158
"PRG4",0.9,0.08646,0.24638651226158
"ASPA",0.712,0.08653,0.24638651226158
"CDH3",1.074,0.08738,0.248130706521739
"SFTPA2",0.966,0.08917,0.252527506775068
"AKR1B10",1.045,0.09054,0.255714324324324
"COL11A1",1.064,0.09148,0.257672776280323
"LATS2",1.2,0.0926,0.260126344086022
"TOX3",0.911,0.09302,0.26060563002681
"NTRK2",0.801,0.094,0.26169350132626
"CAB39L",0.828,0.09404,0.26169350132626
"RUNX1T1",0.735,0.09441,0.26169350132626
"KCNAB1",0.737,0.09441,0.26169350132626
"GIMAP4",0.889,0.0952,0.263185185185185
"LRIG3",0.9,0.09608,0.2643575
"CRTAM",0.806,0.09613,0.2643575
"PPFIBP1",1.176,0.09662,0.264444559585492
"RXFP1",0.775,0.09682,0.264444559585492
"CLDN18",0.958,0.09713,0.264444559585492
"FBLN5",0.902,0.09722,0.264444559585492
"ST6GALNAC1",0.931,0.09758,0.264444559585492
"MYH11",0.915,0.09768,0.264444559585492
"FIGNL1",1.164,0.09815,0.265030361757106
"LSR",1.134,0.09936,0.267079434447301
"ANGPT1",0.883,0.09942,0.267079434447301
"BACE2",1.105,0.10015,0.268350641025641
"CLEC1A",0.831,0.10074,0.269241176470588
"COL3A1",1.069,0.10229,0.272686352040816
"F8",0.836,0.10323,0.274491984732824
"SMPDL3B",0.908,0.10393,0.275651903553299
"KLF4",1.083,0.10478,0.277202784810127
"EMP2",0.909,0.10506,0.277241666666667
"ADRA1A",0.614,0.10653,0.280412720403023
"ZEB2",0.851,0.10781,0.282752380952381
"FLI1",0.863,0.10796,0.282752380952381
"RFX2",0.846,0.10857,0.283639125
"CLIC5",0.93,0.10894,0.283839676616915
"CDKN2A",1.075,0.10919,0.283839676616915
"DERL3",0.882,0.11002,0.285287593052109
"P3H4",1.112,0.11038,0.285512623762376
"NOS1",1.196,0.1108,0.285547536945813
"PRKCH",0.82,0.11094,0.285547536945813
"ATOH8",0.918,0.1121,0.287824324324324
"CRLF1",0.955,0.1127,0.288026528117359
"SCNN1G",0.91,0.11273,0.288026528117359
"CXCL13",0.947,0.114,0.290560975609756
"RNF144B",0.887,0.11444,0.290875242718447
"AOC3",0.925,0.11468,0.290875242718447
"OLFML1",0.875,0.11533,0.291164698795181
"H2BC5",1.087,0.11539,0.291164698795181
"PKNOX2",0.836,0.11563,0.291164698795181
"ACACB",0.808,0.11667,0.293077283653846
"ITIH5",0.881,0.11734,0.293937203791469
"ALDH1A1",0.933,0.11786,0.293937203791469
"ABLIM3",1.131,0.11801,0.293937203791469
"TSPAN6",0.867,0.11848,0.293937203791469
"TEK",0.908,0.11856,0.293937203791469
"LDB2",0.891,0.1187,0.293937203791469
"EDN1",1.083,0.12015,0.296824468085106
"SLC35F2",1.128,0.12294,0.302828705882353
"DNAI4",0.847,0.12316,0.302828705882353
"GHR",0.767,0.12406,0.30432558685446
"PLAU",1.065,0.12558,0.307332786885246
"ALOX5AP",0.929,0.12613,0.307957593457944
"CSF3R",0.919,0.12692,0.309107621247113
"DOK6",0.794,0.1272,0.309107621247113
"TBX5",0.863,0.12799,0.309107621247113
"SLC14A1",0.811,0.12807,0.309107621247113
"GPRC5A",1.09,0.12808,0.309107621247113
"CD300LG",0.864,0.12909,0.310827304147465
"CA4",0.922,0.1298,0.311204347826087
"EGR3",0.883,0.13004,0.311204347826087
"SFTPA1",0.971,0.13014,0.311204347826087
"LRRK2",0.938,0.13309,0.31642125
"ADRB1",0.908,0.13315,0.31642125
"SLC39A11",1.159,0.13323,0.31642125
"SPTBN2",1.12,0.13453,0.318784240362812
"ID3",1.108,0.13695,0.323784502262443
"MXRA5",1.082,0.13799,0.32519740990991
"RAB11FIP1",0.905,0.13817,0.32519740990991
"RGS18",0.828,0.13958,0.327777752808989
"TLR8",0.891,0.14031,0.328298322147651
"CELF2",0.894,0.14043,0.328298322147651
"PKHD1L1",0.697,0.14168,0.33048125
"FGD5",0.888,0.14329,0.332190308370044
"DIO1",0.879,0.14374,0.332190308370044
"KCNK1",1.1,0.14374,0.332190308370044
"FAM13C",0.756,0.14389,0.332190308370044
"COL13A1",0.806,0.14426,0.332190308370044
"CTHRC1",1.061,0.14432,0.332190308370044
"LRRN3",0.872,0.14511,0.332658333333333
"PLCL1",0.783,0.14516,0.332658333333333
"ECM2",0.882,0.14599,0.333828336980306
"FBXO32",1.103,0.14641,0.334057751091703
"CCDC68",1.138,0.14705,0.334787037037037
"GPX2",1.033,0.14876,0.337943913043478
"FGR",0.912,0.14919,0.33818557483731
"SPOCK2",0.933,0.15047,0.340155399568035
"OCIAD2",1.098,0.15071,0.340155399568035
"CIT",0.921,0.15228,0.341845064377682
"CAV1",1.055,0.1523,0.341845064377682
"PDZD2",0.897,0.15244,0.341845064377682
"SCARA5",0.91,0.15301,0.342388543897216
"ABCB1",0.817,0.15337,0.342460790598291
"SBSPON",0.884,0.15526,0.344125525210084
"NLRC4",0.86,0.15559,0.344125525210084
"TLR4",0.877,0.15626,0.344125525210084
"MYRF",1.084,0.15637,0.344125525210084
"TAL1",0.844,0.1564,0.344125525210084
"FOXF1",0.903,0.15646,0.344125525210084
"ADAMTS12",1.102,0.15654,0.344125525210084
"SH2D3C",0.894,0.15675,0.344125525210084
"SEMA6D",0.86,0.15866,0.346948744769874
"PALMD",0.877,0.1587,0.346948744769874
"PDE5A",0.881,0.15927,0.347087733887734
"LMO2",0.885,0.15962,0.347087733887734
"DEPTOR",0.905,0.15976,0.347087733887734
"OLR1",0.939,0.16124,0.349576348547718
"CYYR1",0.898,0.16178,0.34978412371134
"GJA5",0.91,0.16222,0.34978412371134
"CORO2B",0.861,0.16234,0.34978412371134
"IGHA1",0.952,0.16377,0.352139197530864
"PKIG",0.902,0.16503,0.354119815195072
"SYNPO2",0.864,0.16567,0.354361632653061
"DENND3",0.874,0.16608,0.354361632653061
"LEPR",0.899,0.16616,0.354361632653061
"SLC22A4",0.859,0.16752,0.356378846153846
"TMEM178A",0.883,0.16807,0.356378846153846
"RBMS3",0.852,0.16833,0.356378846153846
"GALNT7",1.118,0.16847,0.356378846153846
"FEZ1",0.846,0.16998,0.358207459677419
"FCN1",0.897,0.17002,0.358207459677419
"CLEC14A",0.916,0.17054,0.358580080482897
"MUC5B",1.036,0.1712,0.359244979919679
"RGCC",0.927,0.17203,0.3597726
"LEMD1",1.073,0.17214,0.3597726
"ACE",0.898,0.17292,0.360681437125748
"PLPP4",1.145,0.17349,0.361149501992032
"SPAG6",0.922,0.1739,0.361283300198807
"TNXB",0.915,0.17659,0.366143948412698
"ROPN1L",0.912,0.17733,0.366658695652174
"LGI3",0.937,0.17754,0.366658695652174
"LIMS2",0.903,0.17835,0.367605029585799
"GMNN",1.122,0.18109,0.37251781496063
"PHACTR2",0.886,0.18153,0.372689292730845
"SH2D1B",1.25,0.18282,0.374601764705882
"SEMA3G",0.91,0.18325,0.374748043052838
"CAVIN2",0.942,0.18422,0.3759958984375
"MFAP3L",1.171,0.18509,0.377035185185185
"TRGC2",0.904,0.18564,0.377419844357977
"FHL5",0.902,0.18601,0.377437766990291
"SULF1",1.062,0.18719,0.378459459459459
"LDLR",1.084,0.18736,0.378459459459459
"THBS2",1.059,0.1876,0.378459459459459
"EIF4E3",0.853,0.18946,0.381475337186898
"SVEP1",0.908,0.19287,0.386970921305182
"FAM162B",0.908,0.19293,0.386970921305182
"WNT2B",0.728,0.19373,0.387149521988528
"DACH1",0.884,0.19376,0.387149521988528
"SLC46A2",0.921,0.19494,0.38876393129771
"CCM2L",0.855,0.19637,0.39086980952381
"NOTCH4",0.888,0.19887,0.395093441064639
"MSI2",0.861,0.20036,0.397298292220114
"BAIAP2L1",1.125,0.20252,0.400181663516068
"CFP",0.505,0.20258,0.400181663516068
"SFRP2",1.047,0.20431,0.402837641509434
"ARHGEF15",0.901,0.20579,0.403726829268293
"ALOX5",0.93,0.2058,0.403726829268293
"TCF21",0.911,0.20592,0.403726829268293
"DCC",0.702,0.20749,0.406043164794007
"FOSB",0.961,0.2086,0.406750652985075
"SGCG",0.872,0.20863,0.406750652985075
"FILIP1",0.862,0.21145,0.411480912476723
"TMPRSS4",0.95,0.21394,0.41464520295203
"IGKV4-1",0.963,0.21452,0.41464520295203
"KLB",0.899,0.21501,0.41464520295203
"JUNB",1.095,0.21504,0.41464520295203
"LIN7A",0.883,0.21506,0.41464520295203
"TGFBR2",0.916,0.2163,0.416267955801105
"CXCR2",0.873,0.21973,0.422091636029412
"MCEMP1",0.952,0.22159,0.424883577981651
"AZGP1",0.965,0.22398,0.42867967032967
"PREX1",0.904,0.22527,0.43008996350365
"BCHE",0.904,0.22554,0.43008996350365
"ECM1",1.06,0.23234,0.442250091074681
"S100A12",1.075,0.23345,0.443555
"VWF",0.942,0.23404,0.443868965517241
"UGT2B15",0.909,0.23459,0.44410606884058
"EPAS1",0.932,0.23573,0.444666160714286
"CILP2",1.073,0.23605,0.444666160714286
"ST6GALNAC3",1.195,0.23654,0.444666160714286
"GUCY1A2",0.881,0.23697,0.444666160714286
"PID1",0.93,0.23773,0.444666160714286
"PTGER4",0.92,0.23788,0.444666160714286
"MYOC",0.852,0.23811,0.444666160714286
"ACADL",0.914,0.23829,0.444666160714286
"SRGN",1.072,0.2432,0.453019607843137
"RCC1",1.104,0.24374,0.453217615658363
"CNRIP1",0.885,0.24532,0.454852925531915
"NOSTRIN",0.906,0.24549,0.454852925531915
"CCDC85A",0.81,0.24682,0.456507787610619
"SLC5A9",0.884,0.24805,0.457972173144876
"IGLV3-10",0.967,0.25012,0.460979541446208
"GLDN",0.901,0.25143,0.462578080985915
"TMOD1",0.88,0.25383,0.466172847100176
"MTARC2",0.916,0.25479,0.467115
"ARAP2",1.118,0.25537,0.467358406304729
"IGKC",0.964,0.26018,0.475328846153846
"FXYD6",0.88,0.2607,0.475447643979058
"ADGRL3",1.196,0.26183,0.476676567944251
"TACC1",0.922,0.2637,0.479246086956522
"EGR1",0.949,0.266,0.481938917525773
"MMP7",1.041,0.26664,0.481938917525773
"TNC",1.046,0.26714,0.481938917525773
"THY1",1.073,0.26798,0.481938917525773
"AOC1",0.961,0.26802,0.481938917525773
"CLTRN",0.926,0.26827,0.481938917525773
"FRY",0.889,0.26841,0.481938917525773
"CNTN6",0.894,0.26947,0.483012264150943
"IGSF9",1.076,0.27013,0.483366181506849
"SIX4",0.907,0.2722,0.486237606837607
"NEBL",1.087,0.27353,0.487779607508532
"DES",0.951,0.2764,0.492057921635434
"DNAJC12",0.959,0.27876,0.495415306122449
"CXCL12",0.932,0.2803,0.497306451612903
"FERMT2",1.103,0.28086,0.497455423728814
"JPT2",1.116,0.28313,0.500544444444444
"SORBS1",0.909,0.28376,0.500544444444444
"MAP7D2",0.936,0.28419,0.500544444444444
"SPTBN1",1.086,0.28452,0.500544444444444
"TCEAL2",0.889,0.28674,0.50360218487395
"CALCRL",0.938,0.28769,0.504378511705686
"EMCN",0.934,0.28823,0.504378511705686
"CNKSR2",0.524,0.28863,0.504378511705686
"CD36",0.945,0.29085,0.507409432387312
"MESP1",0.915,0.2918,0.508218333333333
"ITGA11",1.061,0.29288,0.509064285714286
"SLC6A4",0.949,0.29326,0.509064285714286
"HMGB3",0.956,0.29409,0.509217272727273
"RAMP3",0.946,0.29475,0.509217272727273
"FCN3",0.961,0.29481,0.509217272727273
"MMRN2",0.926,0.29593,0.5097296875
"FGF2",1.128,0.29657,0.5097296875
"HOOK1",0.901,0.29657,0.5097296875
"FOS",0.953,0.29821,0.510875651465798
"RASL12",0.921,0.29887,0.510875651465798
"PIP5K1B",0.925,0.29975,0.510875651465798
"KRT15",0.95,0.2999,0.510875651465798
"BDNF",1.165,0.30016,0.510875651465798
"LRRC31",0.94,0.30017,0.510875651465798
"PTPRB",0.93,0.30189,0.511846758508914
"S1PR1",0.937,0.3021,0.511846758508914
"ITM2A",0.939,0.30221,0.511846758508914
"PEAK1",0.898,0.30621,0.516937903225806
"MMP10",1.049,0.30642,0.516937903225806
"MMP19",0.934,0.3067,0.516937903225806
"AQP1",0.963,0.30783,0.517367255216693
"SRD5A1",1.101,0.30825,0.517367255216693
"SLC1A7",0.957,0.30844,0.517367255216693
"ADGRE1",0.914,0.31009,0.519301362179487
"PTPRD",0.87,0.31063,0.51937336
"CYBRD1",0.946,0.31198,0.520797284345048
"TMTC1",0.913,0.31429,0.523232165605096
"GPR146",0.792,0.31444,0.523232165605096
"AFAP1L1",1.098,0.31749,0.527044920634921
"C1orf162",0.934,0.31774,0.527044920634921
"GKN2",0.967,0.31891,0.528147305863708
"MT1M",1.043,0.32157,0.531709889240506
"SLIT2",0.934,0.32326,0.532966482649842
"LGALSL",0.926,0.32335,0.532966482649842
"IGFBP3",1.046,0.32522,0.533785344827586
"RUNX2",0.906,0.32531,0.533785344827586
"SPP1",1.029,0.3257,0.533785344827586
"LAMP5",0.928,0.32589,0.533785344827586
"JAM3",0.911,0.32684,0.534118322981367
"SULT1C2",0.932,0.32774,0.534118322981367
"AGTR1",0.895,0.32812,0.534118322981367
"SHROOM4",0.923,0.32831,0.534118322981367
"SCEL",1.048,0.32894,0.534118322981367
"PPARGC1B",0.833,0.32916,0.534118322981367
"TMEM139",1.1,0.33149,0.53706519379845
"TTLL7",0.896,0.33427,0.539438983050847
"TRHDE",1.205,0.33428,0.539438983050847
"AHNAK",1.051,0.33484,0.539438983050847
"FKBP11",0.922,0.33502,0.539438983050847
"ADAMDEC1",0.952,0.33675,0.541390384615385
"SSTR1",0.929,0.33857,0.543480261136713
"SECISBP2L",0.926,0.33931,0.543832745398773
"VGLL3",1.072,0.3405,0.544904287901991
"GALNT18",0.931,0.34451,0.550478516819572
"ETV4",0.956,0.34616,0.552270534351145
"STX11",0.937,0.34942,0.556163478915663
"RADX",0.877,0.35042,0.556163478915663
"VSIG1",1.032,0.35102,0.556163478915663
"NPNT",0.957,0.35104,0.556163478915663
"CES1",0.968,0.35139,0.556163478915663
"ARHGAP31",0.938,0.35209,0.556163478915663
"TUBB1",0.809,0.35337,0.556163478915663
"DPP6",0.667,0.35339,0.556163478915663
"RHBDL2",1.077,0.35339,0.556163478915663
"GPT2",0.954,0.35438,0.556882857142857
"RERG",0.923,0.35839,0.562338663663664
"CCL23",0.939,0.35999,0.564002323838081
"OSCAR",0.948,0.36147,0.565065396113602
"RAMP2",0.949,0.36175,0.565065396113602
"PDPN",0.946,0.36288,0.56598447761194
"PLCXD3",0.894,0.36474,0.568037704918033
"SNRK",0.892,0.36541,0.568234300595238
"SUGCT",1.081,0.36675,0.569470653789005
"PAK6",0.901,0.36985,0.573432121661721
"KCNJ8",0.94,0.37434,0.579533777777778
"RTKN2",0.956,0.37687,0.581603970588235
"DKK2",0.918,0.37697,0.581603970588235
"ANXA3",1.054,0.37789,0.581603970588235
"MMP12",1.03,0.37814,0.581603970588235
"CEACAM1",0.944,0.37846,0.581603970588235
"EZH2",1.065,0.38053,0.583057979502196
"SFRP4",0.961,0.38063,0.583057979502196
"SRD5A3",1.065,0.38108,0.583057979502196
"TMED3",1.089,0.3831,0.584971167883212
"TBX2",0.938,0.38345,0.584971167883212
"CCBE1",1.061,0.38702,0.589556705539359
"CRIM1",1.065,0.3876,0.589580786026201
"MMP11",1.029,0.38838,0.589659071117562
"UNC5CL",0.946,0.38878,0.589659071117562
"PDLIM2",0.905,0.39028,0.591076231884058
"SLCO2A1",0.952,0.39146,0.591210260115607
"FAR2",1.084,0.3915,0.591210260115607
"CCDC50",1.094,0.39398,0.594096825396825
"XDH",1.052,0.39502,0.594806772334294
"ACVRL1",0.944,0.39681,0.596642374100719
"CCNE2",1.099,0.39813,0.59747912482066
"GGCT",1.069,0.39851,0.59747912482066
"UACA",1.08,0.39942,0.59798553008596
"PDE1C",0.882,0.40087,0.599297782546495
"CXCL2",0.965,0.40329,0.601434022824536
"MASP1",0.867,0.40345,0.601434022824536
"ARL13B",0.897,0.40444,0.602050997150997
"CDCA7",1.045,0.41035,0.60997972972973
"LHFPL6",0.935,0.41187,0.61136953125
"FRMD3",1.091,0.41264,0.611643687943262
"PGM2L1",1.066,0.414,0.612790368271955
"RHOJ",0.931,0.41739,0.616151483050847
"RCAN1",0.935,0.41745,0.616151483050847
"CCN4",1.057,0.41821,0.616402609308886
"EPHX3",0.955,0.419,0.616697183098592
"GRK5",0.945,0.42115,0.618989803094234
"SCG5",1.042,0.42262,0.619803716690042
"MUC20",0.955,0.42289,0.619803716690042
"SOX5",0.842,0.4249,0.621293365921788
"MGAM",0.814,0.42548,0.621293365921788
"LCN2",0.975,0.42569,0.621293365921788
"FAXC",1.105,0.42876,0.624249233983287
"GNG11",1.046,0.42891,0.624249233983287
"GADD45B",1.05,0.431,0.624553947368421
"ARHGAP6",0.9,0.43112,0.624553947368421
"APOLD1",1.059,0.43147,0.624553947368421
"SMAD6",0.933,0.43151,0.624553947368421
"DOCK11",0.94,0.43224,0.624745228215768
"HBB",0.976,0.43319,0.625253522099448
"SERINC2",1.049,0.43395,0.625486551724138
"ARAP3",0.92,0.43547,0.62592342032967
"DOK5",0.938,0.43602,0.62592342032967
"ADTRP",0.929,0.43605,0.62592342032967
"ZEB1",0.932,0.43787,0.626871164383562
"WWC2",1.061,0.43791,0.626871164383562
"ADAM28",0.948,0.43915,0.627786251709986
"FAM43A",1.068,0.44179,0.629936834924966
"TOX2",0.94,0.44186,0.629936834924966
"TNFAIP3",1.053,0.44387,0.63120843537415
"ABCG2",0.921,0.44396,0.63120843537415
"IGLV1-44",0.975,0.45245,0.640472027027027
"IL1B",0.949,0.45263,0.640472027027027
"CFL2",1.069,0.45285,0.640472027027027
"WFS1",0.944,0.45318,0.640472027027027
"CD93",0.957,0.45354,0.640472027027027
"SELE",0.938,0.45702,0.644051478494624
"EMP1",1.047,0.45793,0.644051478494624
"JUND",0.945,0.45797,0.644051478494624
"GSDMB",0.949,0.45854,0.644051478494624
"PCDH17",0.94,0.4596,0.644673825503356
"ADAMTSL3",0.927,0.46169,0.645433023872679
"GFOD1",0.913,0.46182,0.645433023872679
"TIMP3",0.965,0.46324,0.645433023872679
"MMP13",1.027,0.46351,0.645433023872679
"CLC",0.929,0.46373,0.645433023872679
"SLC2A3",1.044,0.4642,0.645433023872679
"RNF182",1.086,0.46467,0.645433023872679
"SNCA",0.843,0.46564,0.645433023872679
"ADARB1",0.935,0.4657,0.645433023872679
"SRPX",1.045,0.46723,0.646172156084656
"ZNF331",0.932,0.46747,0.646172156084656
"GYPC",0.944,0.46855,0.646809445178336
"EGF",0.939,0.46964,0.647458839050132
"CP",1.025,0.47361,0.652071739130435
"TMEM100",0.97,0.47493,0.652294218134034
"KANK2",0.939,0.47502,0.652294218134034
"SLC19A3",0.937,0.47687,0.653975262467192
"FBLN1",0.959,0.47896,0.655980602883355
"ENC1",0.948,0.48216,0.659498952879581
"ELAPOR2",0.948,0.48326,0.660139477124183
"CDH5",0.958,0.48425,0.660628263707572
"PDE8B",0.854,0.48872,0.665857105606258
"CARD16",0.944,0.49054,0.667466536458333
"FNDC1",1.035,0.49392,0.670605
"MYCT1",0.948,0.49413,0.670605
"RSPO2",0.924,0.49991,0.676799935233161
"MSRB3",0.952,0.49999,0.676799935233161
"TMEM204",0.949,0.50194,0.678467935483871
"MSR1",0.966,0.50278,0.678467935483871
"GLIPR2",0.96,0.50317,0.678467935483871
"CCL2",0.964,0.50443,0.679290399484536
"CPB2",0.956,0.50512,0.679344144144144
"PPBP",1.041,0.50768,0.681584146341463
"QKI",0.939,0.50809,0.681584146341463
"STK31",1.073,0.5094,0.682465384615385
"ESAM",0.961,0.5121,0.685204225352113
"SLC39A8",0.964,0.51408,0.686973913043478
"COMP",0.976,0.51705,0.689926305732484
"FUT8",1.053,0.51773,0.689926305732484
"NR4A1",0.971,0.51827,0.689926305732484
"HYAL1",1.033,0.5195,0.690123827629911
"FRAS1",0.94,0.5207,0.690123827629911
"RECK",0.935,0.52071,0.690123827629911
"MYZAP",0.944,0.52106,0.690123827629911
"TESC",1.02,0.52205,0.690409811320755
"REEP1",0.934,0.52337,0.690409811320755
"ACKR4",0.93,0.52404,0.690409811320755
"SOCS2",0.959,0.52457,0.690409811320755
"PILRA",0.956,0.5246,0.690409811320755
"DENND2A",0.942,0.52524,0.690409811320755
"SCD5",0.96,0.52657,0.691288505025126
"DPT",0.962,0.52919,0.693856398996236
"ZNF423",0.895,0.53288,0.697819047619048
"PALM2AKAP2",1.041,0.53438,0.698907509386733
"PTPRM",1.05,0.53653,0.699721614906832
"ARHGEF26",0.961,0.53759,0.699721614906832
"EPCAM",0.955,0.53772,0.699721614906832
"ZNF385B",0.969,0.53802,0.699721614906832
"ZBED2",1.041,0.53877,0.699721614906832
"DIPK2B",0.943,0.53902,0.699721614906832
"VSIG4",0.973,0.54197,0.702678225806452
"PPM1F",1.075,0.54651,0.707686431226766
"CCN5",0.959,0.54897,0.709321199011125
"SPAG4",1.038,0.54913,0.709321199011125
"CRYAB",0.956,0.55123,0.71115475308642
"AOX1",1.046,0.55213,0.711437546239211
"CA2",1.029,0.55889,0.719261145320197
"PMP22",0.953,0.56348,0.723553378378378
"EEF1A2",1.019,0.56361,0.723553378378378
"GIPC2",1.055,0.56533,0.724870981595092
"PRDX4",1.042,0.56641,0.72536574754902
"IGLV3-25",0.983,0.56935,0.728238372093023
"RASSF8",1.047,0.57104,0.728922588522589
"CILP",1.03,0.57128,0.728922588522589
"SLC1A1",0.969,0.5732,0.730480487804878
"CAVIN1",1.034,0.57401,0.730621741778319
"TMEM47",0.961,0.57741,0.734055291970803
"PADI4",1.131,0.58084,0.737042050970874
"EDNRB",0.971,0.58117,0.737042050970874
"XPR1",1.039,0.58324,0.737734661835749
"SERTM1",0.957,0.58411,0.737734661835749
"TGFBR3",0.963,0.58433,0.737734661835749
"NDRG4",0.951,0.58454,0.737734661835749
"ANKRD22",1.029,0.58625,0.738122530120482
"LGSN",0.973,0.58626,0.738122530120482
"KCNT2",0.927,0.58977,0.741648194945848
"AGTPBP1",0.939,0.59393,0.745981790865385
"SPINK5",0.975,0.59485,0.746240396158463
"SPRYD7",1.069,0.59643,0.746643113772455
"PLPP3",0.95,0.5966,0.746643113772455
"SLC16A7",1.046,0.59953,0.7494125
"EPB41L2",0.958,0.60067,0.749569272076372
"PPP1R14A",0.967,0.60109,0.749569272076372
"TSPAN18",0.962,0.60598,0.754514880952381
"VSIR",0.959,0.6065,0.754514880952381
"GALNT6",0.971,0.60773,0.755146076099881
"PSAT1",1.024,0.61553,0.763840521327014
"ADGRL4",0.952,0.61679,0.763840521327014
"PLPP2",0.97,0.61692,0.763840521327014
"HSPA12B",0.964,0.61801,0.764022077922078
"PYCR1",1.025,0.61914,0.764022077922078
"STXBP6",0.96,0.61926,0.764022077922078
"GABARAPL1",1.045,0.62062,0.764797051886792
"FAP",1.034,0.62296,0.766776442873969
"VEPH1",0.972,0.62372,0.766808705882353
"VMP1",0.962,0.62903,0.771705516431925
"PROS1",1.034,0.62918,0.771705516431925
"SHANK3",0.955,0.63024,0.772099413833529
"PCOLCE2",1.028,0.63262,0.774107611241218
"KLF13",0.96,0.63505,0.776172222222222
"SLC44A5",1.029,0.63625,0.776730432242991
"MDK",1.021,0.63868,0.778787164527421
"MARCO",0.985,0.64119,0.780936538461538
"ABCC3",1.023,0.65178,0.792910477299185
"TENT5B",0.974,0.65887,0.799285747392816
"IBSP",1.028,0.6592,0.799285747392816
"CEACAM5",1.01,0.65993,0.799285747392816
"CST4",0.97,0.66008,0.799285747392816
"SEMA5A",1.03,0.66089,0.799340335648148
"PPP1R15A",1.032,0.66239,0.80022838150289
"AQP9",1.026,0.67187,0.810326989619377
"HKDC1",1.026,0.6723,0.810326989619377
"MME",0.975,0.6742,0.810891139240506
"LYVE1",0.976,0.67432,0.810891139240506
"PRDM11",0.924,0.67827,0.813316437571592
"GATA6",0.971,0.67848,0.813316437571592
"BMP2",1.023,0.67887,0.813316437571592
"WDR72",1.026,0.67945,0.813316437571592
"ROBO4",0.973,0.68296,0.813720932878271
"SIRPB1",1.038,0.68318,0.813720932878271
"MMP9",1.017,0.68341,0.813720932878271
"NR4A3",0.977,0.68379,0.813720932878271
"EFNA4",0.971,0.68423,0.813720932878271
"TIE1",0.97,0.68446,0.813720932878271
"ALDH18A1",1.038,0.68564,0.8141975
"CTNNAL1",1.035,0.69178,0.820147278911564
"SEZ6L2",0.98,0.69222,0.820147278911564
"C5AR1",1.024,0.69386,0.821159343148358
"ST14",1.03,0.69668,0.82236546275395
"MYADM",1.025,0.69712,0.82236546275395
"FCGR3B",0.969,0.69724,0.82236546275395
"PCYOX1",0.962,0.69912,0.82365321307779
"ADGRF1",0.984,0.70457,0.829139245495496
"EPB41L3",0.969,0.70789,0.830968518518519
"PHEX",0.938,0.70813,0.830968518518519
"NELL1",0.978,0.70851,0.830968518518519
"ANGPTL1",0.968,0.71041,0.83226283632287
"RASIP1",0.973,0.71232,0.833565957446809
"ADAMTS1",1.021,0.71399,0.83458562639821
"MYH10",0.976,0.72061,0.841382625698324
"ICAM2",0.962,0.72317,0.843429296875
"SRPX2",1.021,0.72468,0.844248160535117
"SERPING1",0.977,0.73037,0.849279966703663
"TDO2",1.036,0.73155,0.849279966703663
"BCL2A1",0.979,0.73164,0.849279966703663
"AGR2",1.013,0.73225,0.849279966703663
"PDK1",0.964,0.73319,0.84942743902439
"STK39",1.025,0.74113,0.857373949115044
"PEAR1",0.969,0.74169,0.857373949115044
"CFB",0.964,0.74422,0.859010761589404
"SOX7",0.976,0.74475,0.859010761589404
"PROM2",1.018,0.74617,0.859699724366042
"PTPN21",1.026,0.74758,0.860215645514223
"SEMA6A",1.03,0.74892,0.860215645514223
"CXCL14",0.991,0.75037,0.860215645514223
"HS6ST2",1.015,0.75113,0.860215645514223
"APOL3",0.977,0.75134,0.860215645514223
"GMDS",1.029,0.75177,0.860215645514223
"FUT3",1.018,0.75238,0.860215645514223
"UQCC2",1.027,0.75809,0.865216648471616
"LRRC32",0.98,0.75841,0.865216648471616
"SLC50A1",0.979,0.76116,0.867270315904139
"KLF6",1.022,0.76187,0.867270315904139
"LRCH2",0.971,0.76491,0.868188720173536
"ETS1",1.023,0.7651,0.868188720173536
"NEXN",1.026,0.76556,0.868188720173536
"AMOTL1",1.023,0.766,0.868188720173536
"EYA4",1.035,0.76803,0.868208594594595
"GRB14",0.981,0.76833,0.868208594594595
"SLC16A6",0.965,0.76851,0.868208594594595
"FGFBP2",1.025,0.77078,0.86983272138229
"HCAR3",0.959,0.7728,0.871171521035599
"ZBTB16",0.984,0.77786,0.873763519313305
"S100A4",0.986,0.77817,0.873763519313305
"GJA4",1.022,0.77902,0.873763519313305
"KIF26B",0.98,0.77911,0.873763519313305
"LMCD1",0.976,0.77928,0.873763519313305
"CREB3L4",0.977,0.78173,0.87538329764454
"CRABP2",0.993,0.7824,0.87538329764454
"ATP10B",1.02,0.78729,0.87858068303095
"ABCA4",1.016,0.78732,0.87858068303095
"MYL9",0.983,0.78778,0.87858068303095
"PDK4",0.987,0.78907,0.879000638297872
"CLEC4E",1.02,0.79021,0.879000638297872
"CCN2",0.986,0.79068,0.879000638297872
"LRRC15",1.013,0.79188,0.879297611464968
"SLPI",0.992,0.79263,0.879297611464968
"KLRF1",0.973,0.7949,0.880880699893956
"KISS1R",1.022,0.79714,0.882427224576271
"ADAMTSL4",1.017,0.80092,0.885013372093023
"DUSP1",1.013,0.80117,0.885013372093023
"NTNG1",1.035,0.80539,0.888735533262936
"TSPAN12",0.983,0.80761,0.889516332982086
"NKG7",1.013,0.8078,0.889516332982086
"KLRD1",1.05,0.8088,0.88968
"AGTR2",0.989,0.81327,0.893656309148265
"NPR1",1.014,0.81658,0.896350945378151
"IL18R1",1.023,0.82087,0.899914607329843
"AADAC",0.989,0.82237,0.899914607329843
"PDIA4",1.017,0.82241,0.899914607329843
"FZD4",1.018,0.82508,0.901891841004184
"COL10A1",0.992,0.82681,0.902838505747127
"PDE2A",0.974,0.82985,0.905212160751566
"TBX3",0.983,0.83133,0.905880969760167
"EFEMP1",1.012,0.83258,0.906298020833333
"DIO2",1.015,0.83499,0.90708821391485
"CLDN11",1.02,0.83524,0.90708821391485
"BMPR2",0.979,0.83591,0.90708821391485
"PTGIS",0.987,0.83688,0.907198755186722
"SLC5A3",0.985,0.84202,0.911824766839378
"IL6",1.01,0.84537,0.913586931818182
"FPR1",0.989,0.84599,0.913586931818182
"ADGRE5",1.015,0.84627,0.913586931818182
"UGT8",1.012,0.85186,0.918672549019608
"IGFL2",0.985,0.85595,0.922131701030928
"HHIP",0.99,0.8582,0.923603501544799
"HOXA5",0.986,0.86238,0.927117985611511
"LTBP4",1.01,0.86324,0.927117985611511
"SLFN13",0.988,0.86645,0.929610112936345
"FGFR4",1.009,0.86834,0.930682358974359
"ADGRL2",1.014,0.86925,0.930703125
"STON1",0.98,0.87363,0.933910102040816
"PODXL",1.014,0.87482,0.933910102040816
"TUBB2B",1.007,0.87549,0.933910102040816
"TMSB15A",1.012,0.87582,0.933910102040816
"RFLNB",0.987,0.87769,0.934040580448065
"FAT3",0.957,0.87773,0.934040580448065
"GFPT1",0.985,0.87921,0.93423424796748
"RGS17",1.012,0.8797,0.93423424796748
"FIBIN",0.991,0.88683,0.939222777777778
"HEG1",1.009,0.88764,0.939222777777778
"CST2",1.008,0.88847,0.939222777777778
"ITLN1",1.007,0.88873,0.939222777777778
"HIF3A",1.009,0.88978,0.939222777777778
"SEMA3B",0.992,0.88979,0.939222777777778
"THBD",0.992,0.89236,0.940985065590313
"CCDC141",1.028,0.89627,0.943920191339376
"SLC2A5",1.012,0.89695,0.943920191339376
"PRF1",1.008,0.89884,0.94495754527163
"LMO7",1.01,0.90082,0.946087336683417
"IL1RL1",0.993,0.90503,0.949201394422311
"FPR2",1.009,0.90638,0.949201394422311
"SH3GL3",1.017,0.9073,0.949201394422311
"SOX17",1.01,0.90756,0.949201394422311
"JCAD",1.008,0.91006,0.949201394422311
"MCC",1.013,0.91022,0.949201394422311
"FABP4",1.004,0.91052,0.949201394422311
"DCLK1",0.989,0.91165,0.949201394422311
"P3H2",1.005,0.91196,0.949201394422311
"EML1",1.011,0.91563,0.951988767395626
"SH3GL2",0.988,0.91646,0.951988767395626
"GALE",1.008,0.92424,0.958238045634921
"DNAH14",0.986,0.92431,0.958238045634921
"RBMS2",1.009,0.92599,0.959028295341923
"FLRT3",1.005,0.92773,0.959291394658754
"BCL6B",1.008,0.92808,0.959291394658754
"RETREG1",0.994,0.92963,0.95994402173913
"STARD13",1.009,0.93104,0.96045093780849
"NTN4",0.995,0.93587,0.96448141025641
"SYNC",0.988,0.94149,0.969317290640394
"SPDEF",1.003,0.94396,0.97021622418879
"SYNM",0.993,0.94422,0.97021622418879
"HECW2",0.991,0.94698,0.972096365422397
"KDELR3",0.996,0.95347,0.977797988223749
"KRT4",0.998,0.96011,0.983642107843137
"FUT9",0.992,0.96301,0.985392553191489
"CCDC102B",0.994,0.96446,0.985392553191489
"ST6GALNAC5",1.003,0.96484,0.985392553191489
"GBP4",0.998,0.96705,0.985392553191489
"SLC22A18",0.997,0.96789,0.985392553191489
"ARSL",0.998,0.96925,0.985392553191489
"HBA2",0.999,0.96952,0.985392553191489
"NHS",0.997,0.97104,0.985392553191489
"PROK2",1.006,0.97136,0.985392553191489
"CASKIN2",0.997,0.97147,0.985392553191489
"TENM4",0.996,0.97323,0.985392553191489
"APOBEC3A",1.003,0.9741,0.985392553191489
"BMPER",0.996,0.97468,0.985392553191489
"PLCE1",0.996,0.97502,0.985392553191489
"CCN1",1.001,0.97916,0.988567984570878
"PCDH9",0.995,0.98027,0.988567984570878
"NPR3",0.998,0.981,0.988567984570878
"LGALS4",1.001,0.98204,0.988662620423892
"ZFP36",1.001,0.98384,0.98952146294514
"TMEM177",1.002,0.98539,0.989879010566763
"P2RY1",0.998,0.98609,0.989879010566763
"ARHGAP29",1.001,0.99052,0.993371785028791
"GPM6A",1,0.99596,0.99765
"ROR1",1,0.99702,0.99765
"CST1",1,0.99765,0.99765
